video_id,category_id,category_name,title,views_count,like_count,uploaded_at,tags
n3AQATmdBjA,24,Entertainment,침착맨이 카드를 만든다면,223714,5402,2023-03-01 10:00:34+00:00,#카드
PTJpv8cdvZ4,24,Entertainment,귤(Mandarin orange)을 알아보자,431966,5052,2023-02-28 10:00:11+00:00,#귤 #도도부현
rcHy957I4Hs,24,Entertainment,게임은 패드로 해야 한다 vs 키마로 해야 한다,571009,7167,2023-02-27 10:00:33+00:00,#터틀비치 #로캣 #주호민
7QnVBNbTVeM,24,Entertainment,궤도와 다시 하는 '지금 당장 있으면 좋을 과학 기술 월드컵',864912,8208,2023-02-26 10:00:04+00:00,#궤도 #이상형월드컵
j67xuAK_qz4,24,Entertainment,놀러 온 궤도의 돈고추라면,866020,9260,2023-02-25 10:00:22+00:00,#궤도 #쿡방
mhZBhpagdVU,24,Entertainment,롯데리아 전주 비빔라이스 버거,620220,7400,2023-02-24 10:00:35+00:00,#전주비빔라이스버거 #먹방
5ahN5s59M5I,24,Entertainment,한 달 늦은 뉴스 속보,578796,7621,2023-02-23 10:00:03+00:00,#뉴스
4DLCaQZ6VC4,24,Entertainment,시디즈 실전용 게이밍 의자 (a.k.a 교잡종),456976,4931,2023-02-22 10:00:02+00:00,#시디즈GCPRO #GCPRO #시디즈게이밍의자 #진짜게임을시작한당신에게 #그렇게게이머가된다
l1Vncs1qw_M,24,Entertainment,(잔인주의) 너굴맨의 개과천선,384078,4277,2023-02-21 10:00:34+00:00,#레데리2 #reddeadredemption
7XRufU8uafs,24,Entertainment,학창 시절 가장 열받는 일 월드컵,831650,7400,2023-02-20 10:00:03+00:00,#카더가든 #비비
ndaymi8Mss4,24,Entertainment,카더가든 & 비비 초대석,1021282,9986,2023-02-19 10:00:22+00:00,#카더가든 #비비
e2tttO-8LUw,24,Entertainment,과자를 가루로 만들어 밥에 뿌려 드셔보시겠습니까?,681501,7976,2023-02-18 10:00:20+00:00,#맛가루 #먹방
VfD-rap67hk,24,Entertainment,아이돌 모르는 사람의 딥 러닝 암기법,830542,10509,2023-02-17 10:00:19+00:00,#주호민 #인물퀴즈
FwAf4mbaVis,24,Entertainment,사이좋게 나눠먹는 분식,1561730,17855,2023-02-16 10:00:18+00:00,#주호민 #먹방 #분식
xTxEq_64uQs,24,Entertainment,사진만 보고 무슨 라면인지 맞히기,601319,7653,2023-02-15 10:00:38+00:00,#라면 #퀴즈
vxtFplAvnsM,24,Entertainment,김치순두제비는 언제 먹나요?,760895,10203,2023-02-14 10:00:40+00:00,#최고민수 #쿡방
h2LwNXWnsz4,24,Entertainment,야끼도리동 먹으며 고프로로 찍은 영상들 구경하기,318389,4144,2023-02-13 10:00:17+00:00,#고프로 #먹방
a6Kw3GQxcKg,24,Entertainment,밀덕이 훌륭한 지휘관이 될 수 있을까?,940426,10076,2023-02-12 10:00:00+00:00,#임용한 #전쟁사
PhWyC9sPF0M,24,Entertainment,모든 분리수거의 신,646435,7513,2023-02-11 10:00:11+00:00,#쓰레기 #분리수거
8hSds3puPQY,24,Entertainment,(잔인주의) 선량한 사람은 너굴맨이 처리했으니 안심하라구,482517,5289,2023-02-10 10:00:09+00:00,#레데리2 #reddeadredemption
mdsaZz5WVHU,24,Entertainment,계속되는 남도형 성우와의 토크,920859,16666,2023-02-09 10:00:34+00:00,#남도형 #성우 #초대석
JgkdgAfTdBk,24,Entertainment,성우 남도형 초대석,940525,18556,2023-02-08 10:00:21+00:00,#남도형 #성우 #초대석
nRBLhMZjazk,24,Entertainment,헛리버 공국(Principality of Hutt River)을 알아보자,419263,4448,2023-02-07 10:00:27+00:00,#헛리버공국 #초소형국민체
koeM3TRigqU,24,Entertainment,AI는 삼국지를 알까?,704539,10793,2023-02-06 10:00:21+00:00,#ChatGPT #AI
52a69cv8t_o,24,Entertainment,고구마와 파인애플 피자,755406,8460,2023-02-05 10:00:05+00:00,#피자헛 #새콤달콤고구마피자
u6AkFjEcvf8,24,Entertainment,고양이 아저씨와 벌레 아저씨,519026,7311,2023-02-04 10:00:37+00:00,#김풍 #심윤수
qQStxU4nC4o,24,Entertainment,'방랑화가 이병건' 촬영에 썼던 갤럭시 탭 S8 알아보기,276105,3180,2023-02-03 10:00:37+00:00,#갤럭시탭S8
mNECLrVkXLY,24,Entertainment,평범함에 대하여,500137,6984,2023-02-02 10:00:24+00:00,#김풍 #고민상담소
cUJmNvaVE3U,24,Entertainment,딥 러닝으로 풀어보는 예능 게임,656754,7347,2023-02-01 10:00:21+00:00,#예능게임 #인물퀴즈
2K_q9U_PYOY,24,Entertainment,카트라이더: 드리프트 배도라지 그랑프리,356041,3331,2023-01-31 10:00:01+00:00,#카트라이더 #배도라지
w2wREDRrROk,24,Entertainment,침착맨이 요즘 관심있는 것들,938965,12377,2023-01-30 10:00:27+00:00,#포닝 #버블 #위버스
1CaLTHHsn8g,24,Entertainment,먹고 또 먹는 덕몽어스,553905,6051,2023-01-29 10:00:01+00:00,#배도라지 #덕몽어스
vagBS9UA6RE,24,Entertainment,이집트 전문가의 카트라이더 이집트 맵 분석하기,513043,6724,2023-01-28 10:00:39+00:00,#곽민수 #이집트 #카트라이더
7iEB36n0iwY,24,Entertainment,이집트를 알면 수능 점수가 (조금) 올라간다,748322,6931,2023-01-27 10:00:04+00:00,#곽민수 #이집트
Wckcfh0Vu_E,24,Entertainment,서부개척시대 브이로그,665494,6546,2023-01-26 10:00:26+00:00,#레데리2 #reddeadredemption
psBQFkE_6tc,24,Entertainment,"410:1 경쟁률, 병건이네 민박｜방랑화가 이병건｜FIN. 제주",462659,6559,2023-01-25 10:00:11+00:00,#통닭천사 #방랑화가이병건
2KxEIeVNOtQ,24,Entertainment,2022 침투부 어워즈 시상식 & 유튜브 총회,771554,9493,2023-01-24 10:00:02+00:00,#어워즈 #시상식
eNF2lT5s2Lc,24,Entertainment,혼 빼놓는 흑마술 vs 기 빨리는 일루션,984423,12156,2023-01-23 10:00:19+00:00,#김준표 #이은결
xZyoOfiBBUw,24,Entertainment,두리안 냄새까지 가두는 V-진공 포장,787223,8498,2023-01-22 10:00:34+00:00,#베트남 #과자 #먹방
tbuWAN13cqg,24,Entertainment,좀비 사태에서 살아남는 게임,550764,6171,2023-01-21 10:00:34+00:00,#주호민 #좀보이드
K3uVJDoFuhw,24,Entertainment,양정무 교수님의 '세상에서 가장 비싼 그림 이야기' 특강,1416421,12785,2023-01-20 10:00:18+00:00,#양정무 #주호민 #미술사
5M3y9XMZoPY,24,Entertainment,끊임없이 발전하는 콩고기버거,736985,8772,2023-01-19 10:00:02+00:00,#리아미라클버거 #먹방
DtFw3MuIeFE,24,Entertainment,행복한 입대를 위하여｜방랑화가 이병건｜EP.07 논산,405464,7917,2023-01-18 10:00:06+00:00,#통닭천사 #방랑화가이병건
2Wkn-e7MRKo,24,Entertainment,피식대학 세계관 등장인물 월드컵,776138,7279,2023-01-17 10:00:02+00:00,#피식대학 #박정민 #월드컵
5l5OUajgNOA,24,Entertainment,안녕 구찌,1781399,19141,2023-01-16 10:00:02+00:00,#피식대학 #박정민 #구찌의자
2dmZLhS-inY,24,Entertainment,피식대학 초대석 (with 배우 박정민),1280302,14125,2023-01-15 10:00:26+00:00,#피식대학 #박정민
eWU7MdrVLNc,24,Entertainment,침소리 컨설팅으로 탄생한 빅-반,635564,8796,2023-01-14 10:00:29+00:00,#햇반 #햇반컵반 #빅반
8PPUFdfzca0,24,Entertainment,"더 퍼스트 슬램덩크 (THE FIRST SLAM DUNK, 2022) 감상회",1308463,13628,2023-01-13 10:00:03+00:00,#슬램덩크
za_EbAThN1A,24,Entertainment,침착맨이 로마군 소대장이 된다면,427587,4314,2023-01-12 10:00:36+00:00,#쉴드월 #로마
cspfdOFcOsE,24,Entertainment,한국 좀비사태 발생시 필요한 현실능력 월드컵,1703317,11982,2023-01-10 10:00:29+00:00,#주우재 #좀비 #월드컵
QAlkUzhL03U,24,Entertainment,고등어 솥밥과 슬램덩크 개혁안,637292,7770,2023-01-09 10:00:19+00:00,#솥밥 #먹방
z_OdvenYnAs,24,Entertainment,빵으로 벌어지는 연고전,1199097,14031,2023-01-07 10:00:34+00:00,#연대빵 #고대빵
vO9sb-w1gdY,24,Entertainment,2023년 또 새롭게 태어난 NEW NEW 침착맨,1117264,15008,2023-01-06 10:00:36+00:00,#소통 #동시송출
SP-LJqVgQuw,24,Entertainment,[ENG] 뉴진스 초대석,3878769,59017,2023-01-05 10:00:10+00:00,#뉴진스 #주우재
K6Pfi0yLav8,24,Entertainment,통닭천사 리즈 시절...｜방랑화가 이병건｜EP.05 서울 강남구,1287608,21645,2023-01-04 10:00:08+00:00,#통닭천사 #방랑화가이병건 #리즈
RRnO-9xfJY8,24,Entertainment,많이 먹는 사람과 많이 먹기,1305447,13979,2023-01-03 10:00:21+00:00,#주우재 #먹방
NeTqujXzubM,24,Entertainment,(※소리주의) 솜사탕 만드는 기계,659212,11790,2023-01-02 10:00:09+00:00,#솜사탕 #만들기
ysetd_r8Z9M,24,Entertainment,침투부 Awards 2022: 한 해를 정리하는 권위없는 시상식,653832,10426,2023-01-01 10:00:23+00:00,#시상식 #어워즈
G2waLH_NGO4,24,Entertainment,2대 침착맨의 필요성,598984,8277,2022-12-31 10:00:06+00:00,#국밥 #먹방
IwbOoHByJrE,24,Entertainment,유튜브 로딩사태와 크롬 무기징역,773863,11710,2022-12-30 10:00:17+00:00,#크롬 #무기징역
8RO8eUd0t0U,24,Entertainment,고놈 참 맛나것다｜방랑화가 이병건｜EP.04 여수,891241,12739,2022-12-28 10:00:04+00:00,#통닭천사 #방랑화가이병건
dE9e75gOQ0M,24,Entertainment,'블랙홀의 과학' 특강 | 제2부 본격적인 블랙홀 이야기,1372128,9543,2022-12-27 10:00:30+00:00,#안될과학 #궤도 #김풍 #블랙홀
BYW59WPeBss,24,Entertainment,'블랙홀의 과학' 특강 | 제1부 강의의 지평선 너머로,1018710,9240,2022-12-26 10:00:10+00:00,#안될과학 #궤도 #김풍 #블랙홀
rd2qDgHC1vg,24,Entertainment,임용한 박사님의 '전쟁사의 오해와 진실' 특강,1686920,19285,2022-12-25 10:00:31+00:00,#임용한 #전쟁사
ezq0MpTPQ1A,24,Entertainment,댓글창 '나가뒈져' 사태를 추억하며,688691,8006,2022-12-24 10:00:16+00:00,#게임챔프 #폭소소림사
HJUKcCzKa0Q,24,Entertainment,김풍의 일본식 번데기 짬뽕,1066300,11395,2022-12-22 10:00:08+00:00,#김풍 #주호민 #쿡방
oTuqCpyI5Xs,24,Entertainment,독기 가득 충전된 상담소,679595,8957,2022-12-20 10:00:19+00:00,#김풍 #주호민 #고민상담소
Nc8rOrODhTw,24,Entertainment,가수 미노이 초대석,795753,9074,2022-12-19 10:00:11+00:00,#미노이 #기린
MBepsQF1viY,24,Entertainment,시청자가 알려주는 와인 설명회,728468,7579,2022-12-18 10:00:09+00:00,#와인 #설명회
4xWfyfdiCAQ,24,Entertainment,칼국수는 모두 다 장칼국수로 만들어야,715000,7226,2022-12-17 10:00:05+00:00,#장칼국수 #먹방
G5m7kGORHBQ,24,Entertainment,옛날 게임잡지 창간호 구경하기,428064,5225,2022-12-16 10:00:09+00:00,#게임잡지 #게임챔프
pkhEJQ0FTCg,24,Entertainment,서울대는 다르다｜방랑화가 이병건｜EP.02 서울 : 서울대학교,874731,14164,2022-12-14 10:00:33+00:00,#통닭천사 #방랑화가이병건
5E03Yphawnw,24,Entertainment,일 벌이는 사람들 특,785170,9909,2022-12-12 10:00:04+00:00,#승우아빠 #상업유튜버
EdJIxjLPS5w,24,Entertainment,파라오는 매년 공개적으로 ○○를 했다?,561462,6308,2022-12-11 10:00:05+00:00,#곽민수 #이집트
Wdpw6idowII,24,Entertainment,고대 이집트에는 헬리콥터가 있었다?,967342,9672,2022-12-10 10:00:28+00:00,#곽민수 #이집트
beUfUgcr9Bg,24,Entertainment,시청자가 알려주는 러닝 설명회,850715,9614,2022-12-09 10:00:20+00:00,#김풍 #주호민 #러닝
3N4BFRDuY4U,24,Entertainment,"방랑화가, 여정의 시작｜방랑화가 이병건｜EP.01 울산",950599,18677,2022-12-07 10:00:03+00:00,#통닭천사 #방랑화가이병건 #허선행
0GVTi9nQoN8,24,Entertainment,침펄풍 밸런스 게임,1162135,12344,2022-12-05 10:00:00+00:00,#주호민 #밸런스게임
tZolEtoQyuY,24,Entertainment,막걸리 수육 떡볶이,1794374,16930,2022-12-04 10:00:22+00:00,#주호민 #김풍 #쿡방
46Vzj17L3rI,24,Entertainment,겨울철 간단한 김장,1168283,11672,2022-12-03 10:00:02+00:00,#주호민 #김장 #수육
SlByJ7nfmBM,24,Entertainment,랜덤 식재료로 만들어 먹기,907966,9051,2022-11-29 10:00:14+00:00,#김풍 #임세모 #쿡방
zvyBXnXfQXs,24,Entertainment,월드컵 개막전과 지스타 방문 후기,416921,4646,2022-11-27 10:00:37+00:00,#월드컵 #먹방
tdmX1lV0JjQ,24,Entertainment,나르시시스트에게 복수하는 법,806701,8768,2022-11-26 10:00:30+00:00,#위키하우 #셀카 #인스타그램
zOLE3mr9NbA,24,Entertainment,침착맨의 군대 이야기,1041133,12613,2022-11-25 10:00:47+00:00,#군대 #압존법
6Hq9LzvbE7Y,24,Entertainment,계속되는 토크와 야추 다이스 대결,869487,9234,2022-11-24 10:00:03+00:00,#류준열 #박정민 #yacht
LWYRaJA8TSs,24,Entertainment,1123 올빼미팀 화이팅,1451963,17622,2022-11-23 10:00:10+00:00,#류준열 #박정민 #침터뷰
i5yL7TNYJJQ,24,Entertainment,리버스 블랙기업,804749,12062,2022-11-21 10:00:21+00:00,#주호민 #김풍 #침펄풍
0xckfkBis2U,24,Entertainment,(배불러도 남기지)마라샹궈,1800004,15594,2022-11-20 10:00:00+00:00,#김풍 #주호민 #마라샹궈
YqUBeniadKM,24,Entertainment,어색한 모임에서 친해지는 법,951356,11340,2022-11-19 10:00:32+00:00,#김풍 #주호민 #침펄풍
fA5BhaxRvN0,24,Entertainment,가수 비비 초대석,1332488,14355,2022-11-18 10:00:33+00:00,#비비 #침터뷰
qvBi0Vr5mFA,24,Entertainment,'시간의 과학' 특강 | 엔트로피나 올리는 기계,994945,9783,2022-11-14 10:00:35+00:00,#안될과학 #궤도 #김풍 #시간
D_DdyxvSdpA,24,Entertainment,손님 접대용으로 최고의 게임,689772,8402,2022-11-13 10:00:12+00:00,#김풍 #yacht
xkMyVijvpOQ,24,Entertainment,침vs풍 즉흥토론 - 영화관 앞으로 사라진다? 남는다?,906563,8630,2022-11-12 10:00:29+00:00,#김풍 #영화
jlIUXUYV4Zc,24,Entertainment,빈폴과 함께하는 침펄통 남친룩 대결,821647,10183,2022-11-11 10:00:26+00:00,#빈폴 #제대로입다 #빈폴 #남친룩 #주호민 #통닭천사
78ggQXQyjLE,24,Entertainment,이론상 몇 끼까지 가능한가,1183987,9181,2022-11-07 10:00:03+00:00,#탕볶밥 #짬뽕파스타
UWcgWLph_os,24,Entertainment,거울치료,1905693,22705,2022-11-06 10:00:17+00:00,#주우재 #클라스크 #링피트
kaGg6f2rpXE,24,Entertainment,상업유튜버와 팝업유튜버,1038203,12604,2022-11-04 10:00:36+00:00,#주호민 #김풍 #침펄풍
99IeX1qYtuE,24,Entertainment,몸이 고생하면 머리가 나빠진다,921041,10664,2022-11-03 10:00:04+00:00,#주호민 #김풍 #운동
KmRpq5GvYZo,24,Entertainment,인공지능과의 연애,569050,6427,2022-11-02 10:00:11+00:00,#미연시 #나만의작은아이돌
MQzTPG8cLAw,24,Entertainment,독일식 디저트와 함께하는 침펄통 근황 토크,1451903,12779,2022-11-01 10:00:12+00:00,#주호민 #통닭천사
jF2VkvXXHY4,24,Entertainment,해버지와 예측해 보는 카타르 월드컵 우승팀,2458749,19429,2022-10-28 10:00:39+00:00,#박지성 #배성재 #카타르월드컵
8-DYBQ8xQoQ,24,Entertainment,해버지 박지성 선수 초대석,2396071,31804,2022-10-26 10:00:05+00:00,#박지성 #배성재
FMN-tz6QhTY,24,Entertainment,사랑의 매,897843,8710,2022-10-25 10:00:14+00:00,#GTA5 #금쪽이
3VUtMwMKGLk,24,Entertainment,전무님의 할로윈 특선 요리,724526,15766,2022-10-23 10:00:03+00:00,#김풍 #할로윈
Txe8JhWiP2c,24,Entertainment,포스트 아포칼립스를 알아보자,947010,8787,2022-10-22 10:00:17+00:00,#포스트아포칼립스 #서부개척시대
oiFMy3eW9qE,24,Entertainment,뉴욕에 여행을 간다면,812368,8110,2022-10-21 10:00:42+00:00,#주호민 #뉴욕여행
ff_qPSkhcZQ,24,Entertainment,병건: 매벌이,595144,7631,2022-10-20 10:00:34+00:00,#GTA5
LaJKnDxWc5U,24,Entertainment,연애 성공률이 높은 상황 월드컵,1493775,15773,2022-10-14 10:00:20+00:00,#곽튜브 #주우재 #이상형월드컵
FtlK9kzqPwc,24,Entertainment,세 남자의 연애 심층 토론,2426664,17054,2022-10-12 15:35:55+00:00,#곽튜브 #주우재 #미연시 #모태솔로
H1negkB39uc,24,Entertainment,후루룩 후루룩,1800160,17871,2022-10-10 10:00:15+00:00,#곽튜브 #주우재 #먹방
sl7ih5rLfYM,24,Entertainment,'연애의 과학' 특강 | 제2부 이성 간의 우정은 가능한가,1396385,13438,2022-10-08 10:00:37+00:00,#안될과학 #김풍 #연애
4xIU_7hLBeM,24,Entertainment,'연애의 과학' 특강 | 제1부 몸풀기와 신규 코너,1212893,12911,2022-10-07 10:00:06+00:00,#안될과학 #김풍 #침투부속과학
NjLqAv5Mc8s,24,Entertainment,너 치료된 거야,1543057,45667,2022-10-05 10:00:14+00:00,#김풍 #알보칠
RS9uUvos8wk,24,Entertainment,이동진 평론가의 영화 한 줄 평 월드컵,1159329,13320,2022-10-04 15:39:17+00:00,#이동진 #주호민
SOBGRF5Mxxw,24,Entertainment,인터뷰를 통한 공업적 최루법,2033280,21568,2022-10-03 10:00:14+00:00,#이동진 #주호민
3btkx7wZsrg,24,Entertainment,일일DJ 전무님의 쿡방,888473,12443,2022-10-01 10:00:02+00:00,#김풍 #냉파스타
x9jyYAUuSN8,24,Entertainment,나 납치된 거야,829012,12238,2022-09-30 10:07:28+00:00,#주호민 #기안84 #주우재 #무인도
SjkeRCZjNIw,24,Entertainment,작사가 김이나 초대석,1138601,12035,2022-09-28 10:00:18+00:00,#김이나 #철면수심
Zhj4Xi9sYuM,24,Entertainment,왜 웹툰 작가들은 카페를 차릴까?,861487,11104,2022-09-26 10:00:31+00:00,#박태준 #만화회사
-xICFR9I6Ls,24,Entertainment,전무님과 (하나도 빼지)마라샹궈,2480804,19497,2022-09-25 10:00:00+00:00,#김풍 #마라샹궈
OGWNs2_waVA,24,Entertainment,과학 그리고 보약왕과 해적왕,851521,8014,2022-09-24 10:00:24+00:00,#김풍
EAJkJvk5Yf4,24,Entertainment,통닭천사의 간장국수,1635522,15742,2022-09-21 10:00:08+00:00,#통닭천사 #쿡방 #간장국수
OX6u_W7rFAU,24,Entertainment,미연시의 탈을 쓴 다큐멘터리,1785271,15747,2022-09-19 10:00:11+00:00,#곽튜브 #미연시 #러브딜리버리
rm5920KKzmM,24,Entertainment,일본을 다녀온 준빈쿤 근황,1931238,20316,2022-09-18 10:00:40+00:00,#곽튜브 #사랑꾼
LanQClV6QVo,24,Entertainment,쫄병 박정민 배우와 연기 이야기,901959,11604,2022-09-15 10:00:09+00:00,#박정민 #연기
FEmu10X3Va4,24,Entertainment,쫄병 박정민 배우와 학창시절 이야기,1040052,12829,2022-09-14 10:00:10+00:00,#박정민 #학창시절
a7DXVJfaDXQ,24,Entertainment,보석털이 브이로그,1008167,10925,2022-09-08 10:00:00+00:00,#GTA5 #일상
qFrfD_Bws7g,24,Entertainment,'공포의 과학' 특강 | 제2부 시청자 사연 분석,1463810,10710,2022-09-07 10:00:33+00:00,#안될과학 #박정민 #침투부속과학 #공포
iDdqWPSimzA,24,Entertainment,'공포의 과학' 특강 | 제1부 아셨죠? 공포는 자신감,1487542,15674,2022-09-06 10:00:21+00:00,#안될과학 #박정민 #납량특집 #공포
KvQDLomh6jA,24,Entertainment,농구실력과 모근량의 상관관계,716262,8021,2022-09-03 10:00:19+00:00,#카더가든 #농구
eixLlnY-TrA,24,Entertainment,이름이 많은 사람,1104117,12957,2022-09-02 10:00:24+00:00,#카더가든 #먹방
HgckUXFzbCo,24,Entertainment,침착맨의 호캉스,762988,10007,2022-09-01 10:00:11+00:00,#휴가 #호캉스
YLxRBicbGh4,24,Entertainment,돌아온 고마운 최고민수,1145631,10471,2022-08-31 10:00:20+00:00,#최고민수 #경제학
e7Ary2grhNI,24,Entertainment,클리셰 짤 월드컵,1400682,15995,2022-08-30 10:00:31+00:00,#주호민 #이상형월드컵
JD-TLZvNE9Q,24,Entertainment,모범시민의 운전법,1244220,14125,2022-08-29 10:00:13+00:00,#GTA5 #안전운전
uuugCRR9BUg,24,Entertainment,SKT와 함께하는 What a wonderFlip 이벤트,223401,2894,2022-08-28 10:00:24+00:00,#SKT #플립4 #폴드4 #침착맨
kPb5Ogu5NDA,24,Entertainment,냉라면 빌 게이츠 세트,695594,7818,2022-08-27 10:00:19+00:00,#냉라면 #쿡방
-rnDbUxIrI8,24,Entertainment,오돌뼈 덮밥과 요즘 이야기,596095,9024,2022-08-25 10:00:00+00:00,#오돌뼈덮밥 #먹방
uwfgqZAZQoc,24,Entertainment,육개장과 조삼모사 보쌈,481389,5386,2022-08-23 10:00:29+00:00,#철면수심 #단군 #먹방
UCbddul8sJk,24,Entertainment,침착맨 냉라면 vs 시청자 요리,777134,6993,2022-08-22 10:00:13+00:00,#요리 #컨설팅
sOLDKX1_EQk,24,Entertainment,침착맨식 냉라면,783393,8937,2022-08-21 10:00:30+00:00,#냉라면 #쿡방
CRuFgJtXF1g,24,Entertainment,자존감 상승 프로젝트,795371,11621,2022-08-17 10:00:05+00:00,#칭찬 #좋은말
yMrLT7fdsfI,24,Entertainment,'제임스웹의 과학' 특강 | 우주 망원경 제임스웹,1673869,14666,2022-08-02 10:00:38+00:00,#안될과학 #제임스웹
U7Bh0c-HrIo,24,Entertainment,'누리호의 과학' 특강 | 누리호의 성공 분석,1082668,12665,2022-08-01 10:00:28+00:00,#안될과학 #누리호
ANRBFceIgqc,24,Entertainment,신기한 버거케이크,775335,9163,2022-07-31 10:00:08+00:00,#누데이크 #버거케이크 #먹방
xF8X-JWXFOw,24,Entertainment,써브웨이 전문가,2112635,18006,2022-07-27 10:00:39+00:00,#김풍 #주호민
5FpmyEp7QFk,24,Entertainment,의외로 진지한 상담소,1948428,21415,2022-07-25 10:00:05+00:00,#침펄풍 #김풍 #주호민
qDP65CUQ28Y,24,Entertainment,찌질의 역사 작업이 끝난 전무님,1132909,10817,2022-07-24 10:00:35+00:00,#침펄풍 #김풍 #주호민
RWrucbFNKj4,24,Entertainment,침펄인물사전 | 9장 기안84 편,1614400,23815,2022-07-23 10:00:14+00:00,#주호민 #기안84
dns5OuAO8EI,24,Entertainment,메리 셀러스트호 실종 사건을 알아보자,964688,9796,2022-07-20 10:00:33+00:00,#메리셀러스트호 #미스터리
YbTRK3NM-Lg,24,Entertainment,가장 호감인 삼국지 장수는?,1212496,7576,2022-07-15 10:00:22+00:00,#삼국지 #티어메이커
35NRXg0VRCY,24,Entertainment,소가 훈훈하게 쳐다보는 느낌의 맛,650487,8163,2022-07-14 10:00:04+00:00,#먹방 #텍사스칠리버거
bRJI9-yXM5Y,24,Entertainment,하이큐 딱히 좋아하지 않는 사람,787186,12869,2022-07-11 10:00:27+00:00,#하이큐 #만화
5zJbPoyc8ng,24,Entertainment,하피자 특) 칼로리 눈치 봄,1905368,19019,2022-07-10 10:00:02+00:00,#고피자 #말년킹피자
ZuxJ2kYscA8,24,Entertainment,침펄인물사전 | 7장 조세호 편,1973091,26264,2022-07-09 10:00:10+00:00,#주호민 #조세호
A5dKhssSUYo,24,Entertainment,집에 가고 싶은 사람,1007350,12609,2022-07-06 10:00:15+00:00,#주호민 #폭우
kWqonje3JsY,24,Entertainment,일본 페양구 야끼소바 컵라면 먹방,945987,10292,2022-07-04 10:00:20+00:00,#야끼소바 #먹방
29Cy8L0YvUE,15,Pets & Animals,갈로아 님의 '아무 곤충말 대잔치' 특강,1490629,11350,2022-07-01 10:00:02+00:00,#갈로아 #곤충특강 #주호민
RjcCm33z2fk,24,Entertainment,한우로 만든 패티를 두 장이나 넣은 폭력적인 버거,715874,8233,2022-06-30 10:00:17+00:00,#롯데리아 #한우더블불고기버거
TyKCiUSUi1I,24,Entertainment,다시 해보는 최악의 연애 기념일 선물 월드컵,980638,8814,2022-06-29 10:00:16+00:00,#김풍 #주우재
148yyZCy07E,24,Entertainment,햄버거도 좋고 치킨도 좋은데,931946,9252,2022-06-27 10:00:01+00:00,#먹방 #스콜쳐버거
mWjyaiWXexE,24,Entertainment,몸으로 말해요 & 양세찬 게임,1102332,15185,2022-06-26 10:00:21+00:00,#김풍 #주호민 #주우재
QAVaZnjZ9Qw,24,Entertainment,침펄인물사전 | 5장 박태준 편,986576,13830,2022-06-25 10:00:09+00:00,#주호민 #박태준
2W_olIxcPWE,24,Entertainment,주우재와 가죽아저씨들,1446765,16882,2022-06-24 10:00:00+00:00,#주우재 #먹방
xdh1SD5SYdY,24,Entertainment,컵라면 나시고르자브종,905054,11556,2022-06-23 10:00:46+00:00,#컵라면볶음밥 #쿡방
VoLfg_0j4Jw,24,Entertainment,침빠곽 여행 가고 싶은 나라 순위 정하기,2107886,18407,2022-06-22 10:00:15+00:00,#곽튜브 #빠니보틀
6-uqUlKQ02I,24,Entertainment,여행 유튜버 빠니보틀 & 곽튜브 초대석,2295893,26559,2022-06-21 10:00:03+00:00,#곽튜브 #빠니보틀
QsuhIGOXxfs,24,Entertainment,과학으로 본 주호민의 재즈,2964932,16740,2022-06-20 10:00:11+00:00,#안될과학 #침투부속과학
f4jaBt4DhBo,24,Entertainment,공포의 떡옾기,1120736,10881,2022-06-17 10:00:21+00:00,#김풍 #떡볶이
qRuMz77wseg,24,Entertainment,"어린이들이 웃을 수 있었던 공간, 고구마언덕을 추억하며",651219,7764,2022-06-16 10:00:35+00:00,#김풍 #폭소게시판
AX_9Y4K9bxI,24,Entertainment,그렇게 아버지가 된다,740141,11038,2022-06-14 10:00:04+00:00,#김풍 #육아이야기
gYOesQEyaas,24,Entertainment,대학원 다니는 부엉이,1321666,24946,2022-06-13 10:00:31+00:00,#붱철이 #딩동댕대학교
V1ryDPaC6mo,24,Entertainment,[ENG] 침펄인물사전 | 3장 우지 of 세븐틴 편,1313721,61944,2022-06-11 10:00:09+00:00,#주호민 #우지 #세븐틴
DleIsZeSyZY,24,Entertainment,이제부터 편식가가 아닌 초미각자라 불러다오,500754,6265,2022-06-10 10:00:10+00:00,#아카페라스페셜티 #초미각자테스트
aB8Xgn6JKXw,24,Entertainment,[ENG] 침펄인물사전 | 2장 백예린 편,2478666,48023,2022-06-04 10:00:09+00:00,#주호민 #백예린
Cp2_wKAeRKs,24,Entertainment,과학으로 본 켄타우로스 바지 입는 법,1419174,10265,2022-06-01 10:00:06+00:00,#안될과학 #침투부속과학
Ej7TJjAkixU,24,Entertainment,'무협의 과학' 특강 | 주변에서 볼 수 있는 무협,1562826,12034,2022-05-31 10:00:10+00:00,#안될과학 #무협
CDARRDw3xpM,24,Entertainment,간편식을 불편하게 먹는 사람,1287534,11115,2022-05-30 10:00:05+00:00,#캣이득 #쿠캣 #캣이득 #야식
LuJiyc9icSs,24,Entertainment,침펄인물사전 | 1장 주우재 편,1783597,28756,2022-05-28 10:00:11+00:00,#주호민 #주우재
F9IVqbXdjpw,24,Entertainment,나루토를 보려는 이유,609988,7728,2022-05-24 10:00:07+00:00,#나루토 #만화
vBfU2xlZm8o,24,Entertainment,떡볶이도 좋고 치킨도 좋은데,1095528,11048,2022-05-23 10:00:28+00:00,#KFC #떡볶킨
6XGMTHXK8bE,24,Entertainment,오뚜기 양송이 & 옥수수 스프라면 먹방,1080800,10321,2022-05-20 10:00:04+00:00,#양송이스프라면 #옥수수스프라면
Vrl78SZ724c,24,Entertainment,침착맨이 알려주는 고사성어,933713,12178,2022-05-17 10:00:30+00:00,#고사성어 #역린
L88ot-64UUU,24,Entertainment,아빠들의 수다,1526852,13576,2022-05-13 10:00:17+00:00,#아빠 #침펄풍
P3OKINQnpuk,24,Entertainment,웃음의 알렉산드리아 도서관,2311835,21915,2022-05-11 10:00:14+00:00,#폭소게시판 #침하하
wUSskdTnd4M,24,Entertainment,셜록현준 교수님의 '도시의 발명' 특강,1406630,16255,2022-05-08 13:00:56+00:00,#유현준 #건축
Hqi6mbTUFuI,24,Entertainment,시청자들과 대결,2228752,23587,2022-05-08 10:00:14+00:00,#스무고개 #갈틱쇼
EC1XqMZj8VU,24,Entertainment,가장 먹고 싶은 아이스크림 월드컵,1880530,14703,2022-05-05 10:00:04+00:00,#아이스크림 #이상형월드컵
-skXi3GaUBg,24,Entertainment,원피스 캐릭터 싸움 실력 서열 정하기,2121988,14252,2022-05-03 10:00:00+00:00,#원피스 #최강캐릭터
Xrz88Zouz3o,24,Entertainment,갈틱쇼 물수능 vs 불수능,1380423,15917,2022-05-02 10:00:26+00:00,#주호민 #갈틱쇼
9rQFcJHtAhs,24,Entertainment,주변에서 만날 수 있는 고대 이집트 2편,1437393,12215,2022-05-01 10:00:08+00:00,#곽민수 #이집트
8JCgwrKv4iI,24,Entertainment,이카리 신지처럼 행동하는 법,1348148,16506,2022-04-30 10:00:06+00:00,#위키하우 #에반게리온
O0GBSyWlLHk,24,Entertainment,김치찌개는 원래 하얗다,1702091,14833,2022-04-29 10:00:23+00:00,#주호민 #김치찌개
llhcTERck_I,24,Entertainment,절대 따라하면 안되는 담배 피우는 법,1513849,15191,2022-04-28 10:00:33+00:00,#금연 #위키하우
K6t_W23gdMs,24,Entertainment,이 악물고 그리는 침착맨 vs 이 갈고 맞히는 시청자,1594699,18405,2022-04-25 10:00:09+00:00,#갈틱쇼 #퀴즈
PBUBzuGPoVY,24,Entertainment,주변에서 만날 수 있는 고대 이집트 1편,2787851,22650,2022-04-23 10:01:37+00:00,#곽민수 #이집트
g5Tt9UKkcMY,24,Entertainment,매운 떡볶이 먹는 법,796900,8644,2022-04-21 10:00:21+00:00,#떡볶이 #맵크나이트
FNNi7FiMArM,24,Entertainment,임세모의 밥버거,1127791,10154,2022-04-16 10:00:13+00:00,#임세모 #밥버거
EwFgMLIkQdg,24,Entertainment,침&펄의 써브웨이 로티세리 바비큐 치킨 심층분석,854493,10219,2022-04-13 10:00:16+00:00,#써브웨이 #SUBWAY #로티세리바비큐치킨 #주호민
tAEUm8sxbgU,24,Entertainment,통닭천사의 돼지 파스타,3254513,27396,2022-04-12 10:00:23+00:00,#통닭천사 #돼지파스타
tAEUm8sxbgU,24,Entertainment,통닭천사의 돼지 파스타,3254513,27396,2022-04-12 10:00:23+00:00,#통닭천사 #돼지파스타
TgK4D3Ctsyc,24,Entertainment,'거짓말의 과학' 특강 | 제2부 노력하지 않았다는 거짓말,1204418,11570,2022-04-11 10:00:15+00:00,#안될과학 #거짓말
O6eNm5sPOsM,24,Entertainment,그만둘 직장에 놀러가면 안 되는 이유,1648482,16533,2022-04-10 10:00:11+00:00,#퇴사 #노노그램
FkCgVt3DSC0,24,Entertainment,'거짓말의 과학' 특강 | 제1부 몸풀기 퀴즈는 쌓인다,1639727,14873,2022-04-08 10:00:08+00:00,#안될과학 #거짓말
iT29drEfolI,24,Entertainment,시청자 패션 훈수하기,1548702,15660,2022-04-03 10:00:07+00:00,#패션 #컨설팅
aKKZpCOLYic,24,Entertainment,한국 마술 공모전 월드컵: 뉴노멀 부문,456889,4342,2022-03-29 10:00:00+00:00,#주호민 #한국마술공모전
3EF4ZLDWPYk,24,Entertainment,고생대(古生代)를 알아보자,1745451,13662,2022-03-27 10:00:03+00:00,#고생대
vV8XLaSE8-s,24,Entertainment,나라가 허락한 유일한 보약 월드컵,2151157,15390,2022-03-24 10:00:33+00:00,#김풍 #주호민 #이상형월드컵
1Chiz7T6U-M,24,Entertainment,예비 아빠 김풍 작가님 육아용품 쇼핑,1841100,18772,2022-03-22 10:00:01+00:00,#아기용품 #육아
8Zth5QrketM,24,Entertainment,오랜만에 카레 먹으면서 잡담,1439292,14475,2022-03-21 10:00:03+00:00,#주호민 #카레
SKh-JfQhLrg,28,Science & Technology,강한 양파만 살아남는다,896686,15716,2022-03-16 10:00:14+00:00,#칭찬양파비난양파키우기 #과학실험
DGR1Og-cjOs,24,Entertainment,침착맨은 정말로 금연 중인가?,1974043,23621,2022-03-15 10:00:05+00:00,#노담 #금연
EX_MvyhKO9o,24,Entertainment,우주먼지 콜라로 만든 수육,1641296,18348,2022-03-14 10:00:05+00:00,#코카콜라스타더스트 #수육
FQQ3CD4gLCY,24,Entertainment,요트 쇼핑,1321909,14127,2022-03-12 10:00:08+00:00,#요트 #쇼핑
R5f98wSPS1g,24,Entertainment,하남자식으로 협상하는 게임,647488,6308,2022-03-11 10:00:12+00:00,#전당포게임 #Dealer
22mWmctLFOg,24,Entertainment,걸리기 싫은 질병 월드컵,1114963,9166,2022-03-08 10:00:04+00:00,#이상형월드컵
31FwmCAEJww,24,Entertainment,상남자특) 순댓국 특 먹음,3030548,30781,2022-03-02 10:00:02+00:00,#순댓국 #상남자
Te7sCYDmFVI,24,Entertainment,아이디어 대결을 가장한 채널 암살,648645,8384,2022-02-28 10:00:11+00:00,#진용진 #없는영화 #아이디어대결
a6470TMHpFc,24,Entertainment,매력있는 악역/악당 월드컵,3581657,17746,2022-02-27 10:00:00+00:00,#김풍 #주호민 #이상형월드컵
757GTaXR0jQ,24,Entertainment,특이점이 온 젤리 쇼핑,1139128,11490,2022-02-24 10:00:02+00:00,#젤리쇼핑 #삽니다
qMvfuziJwRE,24,Entertainment,괴상한 코믹스 캐릭터 월드컵,1238325,10166,2022-02-21 10:00:32+00:00,#이상형월드컵 #히어로
QHWObLSDEbc,24,Entertainment,K-히어로를 만들어보자,900319,12097,2022-02-18 10:48:08+00:00,#주호민 #히어로
jPGDLCWHUQE,24,Entertainment,노딱 설명회는 노딱을 받을까?,730480,9898,2022-02-15 10:00:15+00:00,#노란딱지
hVE_Qc6PjoA,24,Entertainment,금연 23일차에 하는 담배 월드컵,3991998,27352,2022-02-05 10:00:19+00:00,#담배 #이상형월드컵
oLevYAYl0oA,24,Entertainment,⟪TRPG 병거니우스의 모험⟫ 합본판,818192,7142,2022-02-02 04:00:13+00:00,#설특선 #TRPG
GEeygaem4ow,24,Entertainment,⟪침vs펄 토론⟫ 합본판,2420290,15632,2022-02-01 04:00:16+00:00,#설특선 #침펄토론
HlsL7Aw0ez4,24,Entertainment,원피스 '밀짚모자 일당' NEW 구조조정안,2188158,19024,2022-01-27 10:00:07+00:00,#원피스 #구조조정
uKej8YD7Rlg,24,Entertainment,삼괴권(三壞拳)의 고수를 찾아서,802298,20233,2022-01-25 20:59:03+00:00,
kOl27s1mgrg,24,Entertainment,더 놀라운 이왜진? 월드컵,4146183,18213,2022-01-24 10:00:30+00:00,#김풍 #이상형월드컵 #이왜진
VLtv7n38xi4,24,Entertainment,전 직장에 놀러가면 안 되는 이유,775966,9651,2022-01-22 10:00:26+00:00,#지식해적단 #노노그램
dz3lctZkn9o,24,Entertainment,맵크나이트의 엄청 매운 킹뚜껑 먹방,941168,10451,2022-01-21 10:00:31+00:00,#킹뚜껑 #왕뚜껑
cmPAz7k3njs,24,Entertainment,'히어로의 과학' 특강 | 제2부 하루종일 설명할 수도 있어,1991265,12550,2022-01-20 10:00:15+00:00,#안될과학 #히어로
jQTkB4d_wms,24,Entertainment,전무아저씨와 도시락 먹으며 잡담,1192912,9760,2022-01-19 10:00:31+00:00,#김풍 #본도시락
AsdHKLOM8uQ,24,Entertainment,'히어로의 과학' 특강 | 제1부 2021년의 히어로,1742625,14297,2022-01-18 10:00:09+00:00,#안될과학 #히어로
AOr439f6bJU,24,Entertainment,나라가 허락한 대마커피,956298,12302,2022-01-17 10:00:04+00:00,#김풍 #대마커피
leOZrOGHj6U,24,Entertainment,최고의 겨울 간식 월드컵,2533131,15612,2022-01-13 10:00:16+00:00,#주호민 #겨울간식 #이상형월드컵
vm0O-Hpjs4g,24,Entertainment,오랜만에 버거형제,964368,9905,2022-01-12 10:00:37+00:00,#버튜버 #햄버거
9H6yUo8oCWk,24,Entertainment,통닭천사의 떡볶이,2210187,17922,2022-01-06 10:00:05+00:00,#통닭천사 #떡볶이
-YZ_z_TRBnY,24,Entertainment,치킨계의 냉전시대,772510,8258,2022-01-03 10:00:00+00:00,#먹방 #쏘랑이치킨
0pw5gBIAWQM,24,Entertainment,환타로 만든 뱅쇼 vs 쌍화탕으로 만든 모주,2245503,22318,2022-01-01 10:00:00+00:00,#주호민 #김풍
lSt2UnEmGxc,24,Entertainment,포켓몬 괴담과 검은 닌텐도,2515843,20293,2021-12-27 10:00:17+00:00,#포켓몬 #검은닌텐도
J_1iXthSH5o,24,Entertainment,그 와중에 밥은 맛있고,1121061,13331,2021-12-25 10:00:16+00:00,#분노조절 #돈까스제육
IGvnjQrV09w,24,Entertainment,MBTI 유형 진짜 맞나 확인하기,801861,8587,2021-12-24 10:00:10+00:00,#철면수심 #단군 #MBTI
qTm-qUSKuC4,24,Entertainment,끓여먹는 콜드브루 커피,1562061,14750,2021-12-20 10:00:32+00:00,#주호민 #핫콜드브루
g8BNuj5C0vE,24,Entertainment,진짜 나와버린 철면수심 차돌짬뽕,1678388,16204,2021-12-18 10:00:32+00:00,#철면수심 #차돌짬뽕
uUoQ6SmZEgk,24,Entertainment,INTP특) 내 말만 맞음,1051992,13125,2021-12-15 10:00:23+00:00,#김풍 #장지수
V_y3b_9ReU0,24,Entertainment,함께 먹으면 더 맛있는 부대찌개,2407430,19033,2021-12-13 10:00:12+00:00,#주호민 #부대찌개
QapJKN-_ha4,24,Entertainment,호크아이 슨배임 살려내라 이놈들아,1007056,12402,2021-12-12 10:00:08+00:00,#마블 #호크아이
6qQWZmk5_WY,24,Entertainment,추운 날씨엔 장칼국수,2074886,16098,2021-12-11 10:00:02+00:00,#주호민 #장칼국수
aEgov1XHmos,24,Entertainment,라텍스 수제비,908397,10969,2021-12-09 10:00:01+00:00,#수제비 #쿡방
RHklOW-bL_c,24,Entertainment,침착맨이 그나마 좋아하는 김치 월드컵,915966,8371,2021-12-07 10:00:10+00:00,#김풍 #김치
imTVT-yn-xE,24,Entertainment,일이 손에 안 잡히는 전무님,1223797,12709,2021-12-06 10:00:17+00:00,#김풍 #MBTI
PxC5kDvxoSs,24,Entertainment,황당한 라이트 노벨 제목 월드컵 (※황당한 게 아니었다?!),1707003,17061,2021-12-04 10:00:18+00:00,#라노벨 #이상형월드컵
GOb70rO9JUY,24,Entertainment,'로켓 과학' 특강 | 제2부 NASA와 VSVN,3250973,17644,2021-11-29 10:00:05+00:00,#안될과학 #로켓
6Y1kWcrFKQo,24,Entertainment,'로켓 과학' 특강 | 제1부 비둘기부터 로켓까지,2965348,18171,2021-11-27 10:00:01+00:00,#안될과학 #로켓
eV7RaPDIG-w,24,Entertainment,남캠맨,1388322,20876,2021-11-26 10:00:31+00:00,#남캠 #DSLR
vc5cLIQu4oo,24,Entertainment,곰탕 라면,859270,9370,2021-11-21 10:00:32+00:00,#곰탕 #먹방
kXVOrZl9HmE,24,Entertainment,호빵업계 어디까지 가는가,1950684,20052,2021-11-19 10:00:16+00:00,#호빵 #민초
bxUK_9rpFLw,24,Entertainment,미국식 덮밥,2117652,15201,2021-11-18 10:00:31+00:00,#주호민 #김풍
oec-F62u-Vg,24,Entertainment,"미지의 생명체, 크립티드(Cryptid)를 알아보자",1044518,10441,2021-11-16 10:00:16+00:00,#크립티드 #모켈레음벰베
sd_s9SLFphw,24,Entertainment,침착맨의 뿌리를 찾아서 | 3화 안산 편(完),558976,9580,2021-11-14 10:00:13+00:00,#침착맨의뿌리를찾아서 #안산편
4zIQ55coQmU,24,Entertainment,카톡 고백 월드컵,4091987,32055,2021-11-13 10:00:02+00:00,#주호민 #김풍
leQNQ5MTsfw,24,Entertainment,삼국지에 미친 사람의 택배,909179,10550,2021-11-09 10:00:15+00:00,#주펄 #택배
HzxdVaKaPyA,24,Entertainment,버섯(Mushroom)을 알아보자,1142595,13392,2021-11-01 10:00:06+00:00,#버섯
ytyJgnfb40Q,1,Film & Animation,"듄 (Dune, 2021) 감상회 (with 주호민)",1828775,14618,2021-10-31 10:00:34+00:00,#주호민 #듄 #스포감상회
Qlm12sRtClM,24,Entertainment,독기 가득 충전해온 주호민,2445859,21147,2021-10-30 10:00:24+00:00,#주호민 #신지드
tYHgOCT68VE,24,Entertainment,침착맨 판타지 삼국지,638788,7379,2021-10-18 10:00:21+00:00,#삼국지 #판타지
TAA2lvidJPw,24,Entertainment,버튜버 아이돌 로나로나땅,1501115,19068,2021-10-14 10:00:24+00:00,#로나로나땅 #버튜버
Q7aA7E_WF0w,24,Entertainment,만델라 효과,1903378,18144,2021-10-09 10:00:24+00:00,#만델라효과
T14f1ZjqLRw,24,Entertainment,"어색, 뻘쭘, 부끄러운 순간 월드컵",1012273,7948,2021-10-08 10:00:31+00:00,#철면수심 #단군 #이상형월드컵
HKzMkcNSNg8,24,Entertainment,매운볶음면 2개 푸드파이트,814777,7915,2021-10-06 10:00:18+00:00,#신라면볶음면 #틈새라면볶음면 #식욕감퇴먹방
0uc-0xqWcwY,24,Entertainment,차돌짬뽕 로고와 호날두 개체수 줄이기,672866,6865,2021-10-04 10:00:02+00:00,#철면수심 #단군
sNdK-ZHbByw,24,Entertainment,'양자역학' 특강 | 제2부 파동 침착맨과 입자 침착맨,2169631,16953,2021-10-03 10:30:08+00:00,#안될과학 #양자역학
_5Jsp-bIeqU,24,Entertainment,"오징어 게임 (Squid Game, 2021) 감상회",2521782,24177,2021-10-02 10:00:15+00:00,#오징어게임 #넷플릭스
QK2-QUcp4zY,24,Entertainment,'양자역학' 특강 | 제1부 양자역학과 위기의 브라질 사람들,2878740,23463,2021-10-01 10:00:32+00:00,#안될과학 #양자역학
NSsfNvAuz_w,24,Entertainment,인천 설명회,1545133,14288,2021-09-17 10:00:12+00:00,#철면수심 #단군 #인천
1v3ogco8zF8,24,Entertainment,차돌짬뽕 청문회,1457143,13042,2021-09-15 10:00:01+00:00,#철면수심 #단군 #차돌짬뽕
uhZ7xQiu7Qg,24,Entertainment,좀비사태 발생시 착용할 방어구 월드컵,1376575,11935,2021-09-13 10:00:26+00:00,#좀비 #이상형월드컵
X8fHUXXrUj8,24,Entertainment,협동해서 이혼 막기,530128,4905,2021-09-12 10:00:12+00:00,#주호민 #ittakestwo
LOuy_4lrauM,24,Entertainment,쉽게 질리는 음식 월드컵,5695446,37302,2021-09-10 10:00:11+00:00,#이상형월드컵
C56L0JaoYwE,24,Entertainment,이건 못 참지! 깰 수밖에 없는 알람 월드컵,735193,7947,2021-09-08 10:00:09+00:00,#이상형월드컵 #알람
iELgTIG8KEQ,24,Entertainment,모든 것이 감사해지는 초밥,1304125,16119,2021-09-02 10:00:16+00:00,#초밥 #감사
CGJ2uB5TYqQ,24,Entertainment,이것은 마술인가 마법인가,3218519,30112,2021-08-14 10:42:34+00:00,#김준표 #마술 #주호민
_M71wCMxT3o,24,Entertainment,쓸데없지만 신기한 사실 월드컵,4578257,23596,2021-08-13 10:00:31+00:00,#주호민 #김풍 #이상형월드컵
hEqJLnEWVKk,24,Entertainment,세 명인데 피자 한 판만 시켜버림,1868535,17046,2021-08-11 10:00:15+00:00,#주호민 #김풍
dang96gloVs,24,Entertainment,'유사과학' 특강 | 제1부 유사과학에 관한 몸풀기 퀴즈,2537073,18350,2021-08-05 10:30:11+00:00,#안될과학 #유사과학
Uepu0fO--9E,24,Entertainment,시청자 방 훈수하기,5555502,44500,2021-08-04 10:26:48+00:00,#침착맨
keExg7xjO3o,24,Entertainment,5억 년 버티고 천만 원 받기 vs 그냥 살기,3223350,23482,2021-08-03 10:00:31+00:00,#만화 #5억년버튼
5cVDuWpFix4,24,Entertainment,그동안 알고 있었던 영어는 잊어라,967464,16148,2021-07-28 10:00:22+00:00,#영어공부 #실전영어
mllPpHzhSpU,24,Entertainment,침&펄이 제작하고 싶은 영화 장르 월드컵,1235786,8802,2021-07-27 10:00:19+00:00,#영화 #이상형월드컵
oZGBh_njraU,24,Entertainment,지르려는 동생 vs 말리는 오빠,1967477,17220,2021-07-24 10:30:18+00:00,#통닭천사 #중고차
qRUxCTEtKMI,24,Entertainment,음모론 & 미스터리 월드컵,5212281,33421,2021-07-13 10:00:18+00:00,#음모론 #이상형월드컵
i7PyLhcb1qM,24,Entertainment,납량특집 공포 사연 낭독회,2164616,23717,2021-07-10 10:00:31+00:00,#공모전 #납량특집
hRHJdWqs33A,24,Entertainment,최악의 음식 조합 월드컵,1207915,9246,2021-07-07 10:00:15+00:00,#최악의음식조합 #이상형월드컵
L9gSiyTLMe8,24,Entertainment,애니 여자 캐릭터 움짤 월드컵 1024강,1294927,13626,2021-07-05 10:00:09+00:00,#애니메이션 #이상형월드컵
mmc4w1FAs50,24,Entertainment,인싸들 먹거리 탐구시간,1430416,14613,2021-07-04 10:00:15+00:00,#식욕감퇴먹방
m5BJvrUz514,24,Entertainment,침착맨 삼국지 여포전,2944070,15209,2021-06-29 10:00:18+00:00,#삼국지 #여포
MEE0h8E5Goo,24,Entertainment,[드립 장전 완료] Y드립 시네마 '침세계',309501,5933,2021-06-26 10:00:06+00:00,#주호민 #돌고래유괴단 #KT_Y요금제
NYI3nIOTHC4,24,Entertainment,세계의 특이한 법 월드컵,1245676,13295,2021-06-22 10:00:21+00:00,#이상형월드컵
WQokyoYgZ_s,24,Entertainment,떡볶이로 식사가 될까?,3012422,22851,2021-06-18 10:00:14+00:00,#침펄풍 #우리할매떡볶이
EsJgQd5A-Qw,24,Entertainment,"침펄풍 해외 여행기 (오키나와, 벨기에, 이탈리아)",850335,8189,2021-06-14 10:00:04+00:00,#김풍 #주호민
0vwmOLgjfOw,24,Entertainment,지도와 함께 보는 서울(Seoul) 설명회,1345024,13358,2021-05-30 10:02:15+00:00,#서울 #설명회
x-YQvdE95jg,24,Entertainment,김치찜 먹방과 아저씨 이야기,2478069,20318,2021-05-24 10:05:05+00:00,#김치찜 #먹방
X508rTBKdE4,24,Entertainment,유튜브의 대항마는 존재하는가?,1000513,9475,2021-05-21 10:00:14+00:00,#김풍 #주호민
2dFxr9ossug,24,Entertainment,버거에서 느껴지는 생선의 좋은 비린내,1334707,12496,2021-05-11 10:00:01+00:00,#맥도날드 #더블필레오피쉬버거
ExSEEwLmiY4,24,Entertainment,제육게임 (100일 동안 제육만 먹기),1587269,13084,2021-05-02 10:00:06+00:00,#김풍 #주호민
T3chPJuPPic,24,Entertainment,드래곤볼(Dragon Ball) 설명회,3200463,18087,2021-04-20 10:30:08+00:00,#드래곤볼Z #설명회
WrNbkZXMENo,24,Entertainment,끝없는 수다삼매경,3074963,22106,2021-04-18 10:08:45+00:00,#주호민 #토크
vbJ0h-hveoo,24,Entertainment,침착맨은 너무 졸려,1003531,14711,2021-04-15 10:00:19+00:00,#눕방 #낮잠
d6UI8DLblEc,24,Entertainment,부드러워진 돌빵,1167879,11998,2021-04-14 10:00:15+00:00,#돌빵 #먹방
NLylbGMhiDw,24,Entertainment,침펄풍 연애특강,1290655,15167,2021-04-13 10:00:09+00:00,#주호민 #김풍
Z7_WWJEj-j8,24,Entertainment,유사과학 월드컵 (이과답답주의),12242677,36576,2021-04-12 11:45:01+00:00,#유사과학 #이상형월드컵
AccSRZEsRs0,24,Entertainment,세상 속 좁은 소인배 월드컵,1957522,12102,2021-04-10 10:00:08+00:00,#주호민 #임세모 #이상형월드컵
UXb2DyR_2R4,24,Entertainment,침착맨 삼국지 원소전,2485155,12297,2021-04-09 12:30:56+00:00,#삼국지 #원소
7KBkw6j_adc,24,Entertainment,주호민 작가님과 식사 중 각종 잡담,1869284,15239,2021-04-06 10:00:05+00:00,#주호민 #먹방
Ttk3MYVi5lA,24,Entertainment,끝나지 않는 최고민수 선생님의 참교육,541700,6800,2021-03-30 10:00:19+00:00,#박민수 #주식
quwdMWnCE38,24,Entertainment,침착맨 삼국지 동탁전,2156111,12832,2021-03-29 10:00:13+00:00,#삼국지 #동탁
PbGcEgBdvMM,24,Entertainment,라면과 가장 잘 어울리는 짝꿍 월드컵,2433264,14159,2021-03-25 10:02:28+00:00,#이상형월드컵 #라면
biUg_AAys0M,24,Entertainment,눈 감고 탄산음료 7종 알아맞히기,817952,8365,2021-03-21 10:00:09+00:00,#주호민 #김풍
KwdDWYj6nzo,24,Entertainment,풍형의 추억과 함께하는 맘스터치 먹방,1161304,9426,2021-03-20 10:00:10+00:00,#김풍 #주호민
e-YLy-pu2IE,24,Entertainment,상황에 따라 더 맛있는 음식 월드컵,2203408,13983,2021-03-19 11:45:03+00:00,#이상형월드컵 #음식
qbLpfBgZ2zg,24,Entertainment,가장 아름다운 로고 월드컵,1759024,15088,2021-03-12 10:00:16+00:00,#이상형월드컵 #로고
OaLjtcFd8Wg,24,Entertainment,WPL 프로 포커플레이어 임요환 님에게 포커 배우기,745117,6947,2021-03-11 10:01:15+00:00,#임요환 #WPL
nlTn_odOjHY,24,Entertainment,솔로몬의 72악마 설명회,3305110,27057,2021-03-09 10:00:32+00:00,#설명회 #솔로몬의72악마
apIbXjVp8NU,24,Entertainment,"원피스 '밀짚모자 일당', 반으로 줄여야...",2447187,16296,2021-03-06 10:03:10+00:00,#원피스 #만화
WeGDixN-u48,24,Entertainment,침공... 어찌하여 목만 오셨소,2072753,26630,2021-03-04 10:00:17+00:00,#머리 #관우
-xyd6yiNbXw,24,Entertainment,지금 당장 있으면 좋을 과학 기술 월드컵,589735,4003,2021-02-28 10:13:33+00:00,#이상형월드컵 #과학
IAVLHT9p0NI,24,Entertainment,명탐정 침착맨의 국정원 추리 퀴즈 풀기,893313,6994,2021-02-26 10:00:07+00:00,#추리 #퀴즈
11X2qnHCtOY,24,Entertainment,명품전문가 염따 님의 Flex 설명회,3237113,30904,2021-02-19 12:13:24+00:00,#염따 #명품
elVu6X0rXXA,24,Entertainment,슈퍼카 쇼핑,1219861,9192,2021-02-02 10:00:30+00:00,#슈퍼카 #쇼핑맨
IfOSBmBCWw0,24,Entertainment,자식 먹는 거만 봐도 배부른 아빠,2726654,24789,2021-01-31 10:00:23+00:00,#침투부 #쏘튜브 #피자
GqWcVvb4Ars,1,Film & Animation,애니속 최고의 명언 월드컵,3126217,22867,2021-01-10 10:00:05+00:00,#이상형월드컵 #명언 #애니
DWKH9RSPYIQ,24,Entertainment,지맘대로 고르는 마블 캐릭터 월드컵,1078648,9119,2021-01-08 10:00:10+00:00,#이상형월드컵 #마블
tttr8nRiUL8,20,Gaming,좀비사태 발생시 피신할 장소 월드컵,3711040,20688,2021-01-03 10:00:22+00:00,#주호민 #좀비
nwskh-ZIi6E,24,Entertainment,슬램덩크 최고의 명장면 월드컵 (with 배성재 아나운서),1888404,12389,2020-12-30 10:00:31+00:00,#배성재아나운서 #이상형월드컵
ewYbqtJuq_E,24,Entertainment,쏘영마미에게 선물할 명품백 쇼핑,1447525,13232,2020-12-06 10:00:18+00:00,#삽니다 #명품백
53XqM_ofaKw,20,Gaming,집에 가고 싶은 사람 vs 집에 가기 싫은 사람,2743450,27745,2020-12-04 10:00:05+00:00,#침투부 #쏘튜브 #포켓몬스터
NsnLkR7wD9c,20,Gaming,명작(名作) 일본만화 월드컵 32강~결승,1656781,9127,2020-11-29 13:30:00+00:00,#명작 #만화
P6qXzKXEYcI,20,Gaming,명작(名作) 일본만화 월드컵 64강,2960584,14861,2020-11-29 08:00:05+00:00,#명작 #만화
JStFKELFNDE,20,Gaming,오랜만에 놀러 온 주호민 작가님,837397,11338,2020-11-17 10:00:03+00:00,#주호민 #주펄
LRRNtA_xX9A,20,Gaming,"이번엔 무조건 정한다, 최종 자동차 쇼핑",1650862,11141,2020-10-22 10:03:50+00:00,#자동차 #현대차
6oSBkEU1ohQ,24,Entertainment,먹으면 웃음이 절로 나오는 군대리아 세트,2156675,18273,2020-10-06 10:00:02+00:00,#먹방 #밀리터리버거
hnanNlDbsE4,24,Entertainment,침착맨 삼국지 완전판,13267619,91633,2020-10-04 10:00:13+00:00,#침투부 #삼국지 #명절특선
dV3d_e8GS-4,27,Education,자식을 열받게 하는 아빠가 있다??,1743304,19629,2020-09-24 10:00:17+00:00,#아메리카노 #쏘영이
pkXiOnXAO90,15,Pets & Animals,인생의 1/4을 포켓몬 연구에 쏟은 이소영 박사,2645378,27404,2020-09-16 10:00:27+00:00,#침투부 #쏘튜브 #포켓몬스터
umfniL53XvY,24,Entertainment,하기 싫은 주호민,2024095,19270,2020-08-29 10:00:27+00:00,#주호민 #양말아저씨
x4mZBuEOaa8,28,Science & Technology,끝없이 큰 것부터 가장 작은 것까지 비교하는 '우주의 규모',2924519,21687,2020-08-28 10:00:16+00:00,#주호민 #우주
TriakUSaFfA,24,Entertainment,대왕연어 초밥과 새우 튀김,1477826,14125,2020-08-07 10:00:09+00:00,#먹방 #대왕연어초밥
CEDzUn9pOG0,24,Entertainment,원피스(ONE PIECE) 설명회,3571953,26874,2020-07-26 10:00:06+00:00,#원피스 #만화
_z7ALTDqEGw,15,Pets & Animals,주호민이 다음생에 다시 태어나고 싶은 곤충 월드컵,1673440,11984,2020-07-09 10:00:12+00:00,#주호민 #이상형월드컵
Fu54nulGB3s,20,Gaming,침갈량은 장안에 입성 할 수 있을까? - 롤 3차 북벌 매드무비,124290,1335,2020-08-06 10:00:04+00:00,#따효니 #켠왕
CEDzUn9pOG0,24,Entertainment,원피스(ONE PIECE) 설명회,3571953,26874,2020-07-26 10:00:06+00:00,#원피스 #만화
_z7ALTDqEGw,15,Pets & Animals,주호민이 다음생에 다시 태어나고 싶은 곤충 월드컵,1673440,11984,2020-07-09 10:00:12+00:00,#주호민 #이상형월드컵
apV907sPIZo,24,Entertainment,전혀 몰라도 입문할 수 있는 침착맨 삼국지 4부,1666960,10869,2020-06-25 11:30:15+00:00,#삼국지 #유비
4k48gvdAsFY,24,Entertainment,전혀 몰라도 입문할 수 있는 침착맨 삼국지 1부,5214241,47995,2020-05-29 10:00:01+00:00,#삼국지 #유비
l34sRgWC9Ls,24,Entertainment,오늘은 집에 가기 싫은 주호민 아저씨 (스팀게임 둘러보기),1158193,10199,2020-05-28 10:00:32+00:00,#주호민 #스팀
IxaOybVE50Y,17,Sports,이악물고 자식 이기려는 아빠,2492163,26200,2020-05-21 10:00:08+00:00,#쏘영이 #쌀보리
IXOKakXXjdo,22,People & Blogs,【침터뷰/슈카 편】 1부 - WOW 공대장 출신 경제 유튜버,1713291,10935,2020-04-02 10:30:00+00:00,#슈카월드 #침터뷰
6qw5CH_6tb0,24,Entertainment,군대 보급품 월드컵,2544888,12850,2020-03-11 10:00:02+00:00,#주호민 #군대
GgZu7Ncbc6E,24,Entertainment,【침터뷰/윤태진 편】 1부 - 나 미스 춘향이야 (with 배성재 아나운서),1205655,7744,2020-02-20 10:00:03+00:00,#침터뷰 #윤태진 #배성재
YqVLuqwsxno,20,Gaming,영리메 - 15화 연주 전투 / 16화 고성 전투,38917,315,2020-02-03 12:06:53+00:00,#침투부 #영걸전 #리메이크
4w7TcS7Dbc8,24,Entertainment,소소하게 싸움나는 음식 먹는 방법 월드컵,2264241,12294,2020-01-30 10:00:00+00:00,#주호민 #김풍 #이상형월드컵 #침착맨
yBAJVIr_rM0,24,Entertainment,내 주변에서 만나기 싫은 극혐 삼국지 인물 월드컵,2155254,11047,2020-01-24 12:00:10+00:00,#주호민 #이상형월드컵
PfO6RLBjLvg,24,Entertainment,짜장면과 깐풍기,1885371,11541,2020-01-23 10:00:08+00:00,#주호민 #짜장면
QF_jqcF6lY8,24,Entertainment,내가 위험할 때 나를 지켜줄 동물 월드컵,1308235,9113,2020-01-10 10:00:05+00:00,#동물 #이상형월드컵
PrBupTUlGz4,24,Entertainment,【침펄풍】 이제는 너무 뻔한 클리셰 월드컵,2240489,13132,2019-12-18 10:00:07+00:00,#이상형월드컵
vOjPMDbXYBY,22,People & Blogs,【침터뷰/이석우 편】 하이라이트,35940,325,2019-10-03 10:00:11+00:00,
P0L67LpVvIk,20,Gaming,'사우스쇼어' 멀록대가리 카레 - 침펄놈의 대모험 14화,52742,409,2019-09-25 10:00:07+00:00,
Flli-k6QCBM,1,Film & Animation,"코코 (Coco, 2017) 감상회 (with 주호민)",738622,6722,2019-08-06 10:00:02+00:00,
CuQndScVBNU,20,Gaming,"모험모드 8크툰, 크툰님 준비됐죠? 오께이~",158652,2028,2019-06-13 10:21:36+00:00,
Z1vgOoIuP5M,22,People & Blogs,진짜 아빠를 찾아라!,3106110,31445,2019-06-05 10:15:25+00:00,
XOAKVSjAnrs,20,Gaming,대항해시대 4 | 제26화 향신료 셔틀,28230,213,2019-05-15 11:42:24+00:00,
XSjEGmekhJA,10,Music,어우 듣기좋아~ 중독적인 CM송 월드컵,1220058,10087,2019-04-24 11:25:30+00:00,
gcRzKVztwK4,24,Entertainment,듣기 싫은 꼰대어 월드컵,2724395,21839,2019-03-26 12:20:15+00:00,
0zFBEMoZV-A,20,Gaming,【LOL】 시공을 등지다! 돌아온 번개오소리,99946,974,2019-02-02 10:00:00+00:00,
UbBxDPkbCgk,20,Gaming,【하스스톤/투기장】 사제 고급반 강의 - 침착하게 필드 뺏어오기,39330,245,2019-01-15 10:00:03+00:00,
ydZKuOW_zI0,24,Entertainment,최고의 진상 손님은? 편의점 진상 월드컵,2186637,17344,2019-01-12 10:09:28+00:00,
Fb8YynXY9hY,20,Gaming,【하스스톤/투기장】 앨리스팩 학수고대 도적 #2,16736,69,2018-12-02 14:00:01+00:00,
Hm_8iG70cig,20,Gaming,【징기스칸전】 65화 -  바그다드 내성전,11258,66,2018-11-18 10:00:01+00:00,
qIinYt5nUII,24,Entertainment,【침vs펄 토론】 여름 vs 겨울 평생 한 계절로 살아야 한다면?,4156462,28809,2018-11-17 09:58:39+00:00,
efXFdwlQmi0,20,Gaming,【징기스칸전】 63화 -  이스파한 사막전,9661,68,2018-11-16 10:00:05+00:00,
-FcmxTTX-LA,24,Entertainment,【침vs펄 토론】 침착맨 vs 주호민 산다면 누구 인생으로?,3850156,26855,2018-11-08 13:59:42+00:00,
rfk4nBhk_7s,24,Entertainment,【침vs펄 토론】 유비 vs 조조 직장상사로 누가 더 좋은가?,4217727,26923,2018-11-01 10:00:10+00:00,
a05yC7adBpA,20,Gaming,【징기스칸전】 51화 -  서요 토벌전,10292,57,2018-10-20 10:09:02+00:00,
9LQsLPsKRq8,24,Entertainment,【침vs펄 토론】 딱딱 복숭아 vs 물렁 복숭아 뭐가 더 맛있나?,6360558,52109,2018-10-16 13:00:04+00:00,
yBbaQrf3CR0,20,Gaming,【히오스】 시공스타K 4강 (A조 vs B조) 3경기,4690,36,2018-10-10 09:58:00+00:00,
ig8XZjyCYNU,20,Gaming,알고보니 시청자 분이 만든 게임? 【톤톤용병단】 #1,49519,272,2018-09-28 10:34:17+00:00,
kLJvcGGjw1Y,20,Gaming,【하스스톤/투기장】 투기장 1타강사 복귀전 #2,16219,52,2018-09-22 09:59:33+00:00,
T-nQgKc8SM0,20,Gaming,【하스스톤/모험】 폭심만만 묘수풀이 #7 ~생존~,2498,10,2018-08-31 03:00:04+00:00,
4NO6Qt0NGN4,20,Gaming,"【하스스톤/모험】 폭심만만 묘수풀이 #2 ~치명, 박사 붐 치명~",6888,19,2018-08-29 03:00:00+00:00,
LnKXFl0FzmA,20,Gaming,【하스스톤】 침착맨vs매직박 치열한 위즈뱅대전 #2,8111,29,2018-08-24 10:00:08+00:00,
qU072FEL7Cw,20,Gaming,【징기스칸전】 08화 - 타이츄트 탈출전,19015,88,2018-08-06 10:00:06+00:00,
8tZMQEuV-JY,20,Gaming,【하스스톤/하이라이트】 힐 먹는 굴단 (※미친놈 주의),83714,522,2018-08-05 10:00:01+00:00,
a6LAwQTc5ro,20,Gaming,【하스스톤/투기장 - 강의】 #3 메카 자락서스로 열받게 정리하기 강좌,11084,35,2018-07-26 10:00:02+00:00,
V8HIVhI4hY0,20,Gaming,【하스스톤/투기장 - 인터넷강의】 #2 역병 없는 드루이드 공략,10298,41,2018-07-12 10:00:11+00:00,
lXPI-8WVf0Y,20,Gaming,【하스스톤/투기장 - 인터넷강의】 #5 모독 3장으로 흑마 고승하는 비법,12567,57,2018-07-10 04:52:29+00:00,
ukGMyZTX-PU,20,Gaming,본격 저그 군단조합 (부제:이게 군단이냐?) 【히오스】,11091,51,2018-05-20 10:00:05+00:00,
LkahfPdvvsg,20,Gaming,【하스스톤/하이라이트】 침착맨 스페샬 26 (부제:은장검 3연벙),62202,245,2018-05-16 10:00:04+00:00,
9wAmmq-k_P8,20,Gaming,마녀숲 모험모드 5탄-마지막 보스 '하가사' 【하스스톤/모험모드】,41256,140,2018-05-03 03:00:00+00:00,
nXusikSrmos,20,Gaming,"【킹덤러쉬】 5화. 오크왕, 야만족왕, 트롤왕 (Kingdom Rush)",17814,75,2018-04-25 10:00:09+00:00,
TwqkXcybY3Y,20,Gaming,【히오스/하이라이트】 1승이 하고 싶었습니다,18894,96,2017-12-04 10:00:03+00:00,
11Neu3WgfWo,20,Gaming,【마구마구】 쌍방울은 끝날 때까지 끝난 게 아니다,17897,101,2017-11-01 10:13:24+00:00,
HQndcNPMFws,20,Gaming,【히오스】 침착맨팀vs기무기훈팀 5대5 이벤트전,3420,11,2017-11-01 10:07:34+00:00,
7FOqt0Rtq68,20,Gaming,【히오스】 하스스톤 조합 #1 (옥냥이/따효니/기무기훈/한조추추/침착맨),10485,47,2017-10-31 09:07:22+00:00,
K7ek-3c6qzM,20,Gaming,【히오스】 레오릭인 줄 알았던 켈투자드의 활약,5285,29,2017-10-25 11:27:37+00:00,
IDudNei5p6Y,20,Gaming,【마구마구】 복귀유저vs고인물 3대3 팀플전 #4 (옥냥이/철면수심/침착맨),9560,38,2017-10-24 10:18:08+00:00,
P7XUxAs3Pg8,20,Gaming,【발리언트 하츠】 #13.빅터야 기다려라 아빠가 간다 (Valiant Hearts : The Great War),4118,19,2017-09-21 09:32:05+00:00,
_0DOBKXp1hE,20,Gaming,【워킹데드 시즌3】 뉴프론티어 에피소드 5-1 (The Walking Dead: A New Frontier),6559,34,2017-07-23 14:50:48+00:00,
uKrocBaOpDc,20,Gaming,【원본】 2017년 07월 15일 (히오스),2443,14,2017-07-18 02:31:42+00:00,
QO3xPIZVMDE,20,Gaming,【배틀그라운드/HL】 등 뒤를 조심해... 후라이팬 암살자 침착맨,21130,153,2017-06-16 07:31:30+00:00,
2q_ohIGP3hU,20,Gaming,【엑스컴2】 3지구 베테랑/철인 난이도 #11 (X-COM2),1437,10,2017-03-10 09:14:27+00:00,
8lxSiH6_Y_8,20,Gaming,【엑스컴2】 3지구 베테랑/철인 난이도 #5 (X-COM2),2640,10,2017-03-08 10:00:55+00:00,
0Lk3Z3TKT8o,20,Gaming,"【원본】 2017년 02월 16일 #2 (그림 판당고, 히오스 팀리그)",1745,10,2017-02-19 04:08:40+00:00,
1uaDX7ae9l0,20,Gaming,[원본] 2016년 06월 02일 (워킹데드),1436,13,2016-07-16 15:59:16+00:00,
o2HMJ1NAg-A,20,Gaming,[침착맨의 워킹데드] 시즌2 에피소드 4-1 (The Walking Dead 2),13967,67,2016-06-20 09:56:20+00:00,
01W-FRDtcrM,20,Gaming,[침착맨의 워킹데드] 시즌2 에피소드1-4 (The Walking Dead 2),14782,58,2016-06-17 11:15:47+00:00,
N1a60gotHF4,20,Gaming,[침착맨의 워킹데드] 시즌1 에피소드1-2 (The Walking Dead 1),30734,98,2016-05-31 10:25:04+00:00,
h-eDsQzZJkw,20,Gaming,침착맨의 엑스컴:에너미 위딘 #11 (X-COM: Enemy Within),5771,19,2016-01-31 13:08:14+00:00,
n3AQATmdBjA,24,Entertainment,침착맨이 카드를 만든다면,230550,5514,,
PTJpv8cdvZ4,24,Entertainment,귤(Mandarin orange)을 알아보자,434261,5067,,
rcHy957I4Hs,24,Entertainment,게임은 패드로 해야 한다 vs 키마로 해야 한다,571969,7179,,
7QnVBNbTVeM,24,Entertainment,궤도와 다시 하는 '지금 당장 있으면 좋을 과학 기술 월드컵',867898,8222,,
j67xuAK_qz4,24,Entertainment,놀러 온 궤도의 돈고추라면,866715,9270,,
mhZBhpagdVU,24,Entertainment,롯데리아 전주 비빔라이스 버거,620550,7401,,
5ahN5s59M5I,24,Entertainment,한 달 늦은 뉴스 속보,579088,7621,,
4DLCaQZ6VC4,24,Entertainment,시디즈 실전용 게이밍 의자 (a.k.a 교잡종),457076,4931,,
l1Vncs1qw_M,24,Entertainment,(잔인주의) 너굴맨의 개과천선,384188,4277,,
7XRufU8uafs,24,Entertainment,학창 시절 가장 열받는 일 월드컵,831796,7400,,
ndaymi8Mss4,24,Entertainment,카더가든 & 비비 초대석,1021460,9987,,
e2tttO-8LUw,24,Entertainment,과자를 가루로 만들어 밥에 뿌려 드셔보시겠습니까?,681595,7977,,
VfD-rap67hk,24,Entertainment,아이돌 모르는 사람의 딥 러닝 암기법,830782,10511,,
FwAf4mbaVis,24,Entertainment,사이좋게 나눠먹는 분식,1562071,17857,,
xTxEq_64uQs,24,Entertainment,사진만 보고 무슨 라면인지 맞히기,601378,7653,,
vxtFplAvnsM,24,Entertainment,김치순두제비는 언제 먹나요?,760980,10205,,
h2LwNXWnsz4,24,Entertainment,야끼도리동 먹으며 고프로로 찍은 영상들 구경하기,318410,4144,,
a6Kw3GQxcKg,24,Entertainment,밀덕이 훌륭한 지휘관이 될 수 있을까?,940825,10078,,
PhWyC9sPF0M,24,Entertainment,모든 분리수거의 신,646496,7513,,
8hSds3puPQY,24,Entertainment,(잔인주의) 선량한 사람은 너굴맨이 처리했으니 안심하라구,482611,5289,,
mdsaZz5WVHU,24,Entertainment,계속되는 남도형 성우와의 토크,920942,16667,,
JgkdgAfTdBk,24,Entertainment,성우 남도형 초대석,940602,18557,,
nRBLhMZjazk,24,Entertainment,헛리버 공국(Principality of Hutt River)을 알아보자,419293,4448,,
koeM3TRigqU,24,Entertainment,AI는 삼국지를 알까?,704647,10794,,
52a69cv8t_o,24,Entertainment,고구마와 파인애플 피자,755506,8460,,
u6AkFjEcvf8,24,Entertainment,고양이 아저씨와 벌레 아저씨,519053,7311,,
qQStxU4nC4o,24,Entertainment,'방랑화가 이병건' 촬영에 썼던 갤럭시 탭 S8 알아보기,276118,3180,,
mNECLrVkXLY,24,Entertainment,평범함에 대하여,500155,6984,,
cUJmNvaVE3U,24,Entertainment,딥 러닝으로 풀어보는 예능 게임,656767,7347,,
2K_q9U_PYOY,24,Entertainment,카트라이더: 드리프트 배도라지 그랑프리,356048,3331,,
w2wREDRrROk,24,Entertainment,침착맨이 요즘 관심있는 것들,939012,12377,,
1CaLTHHsn8g,24,Entertainment,먹고 또 먹는 덕몽어스,553923,6051,,
vagBS9UA6RE,24,Entertainment,이집트 전문가의 카트라이더 이집트 맵 분석하기,513051,6724,,
7iEB36n0iwY,24,Entertainment,이집트를 알면 수능 점수가 (조금) 올라간다,748399,6932,,
Wckcfh0Vu_E,24,Entertainment,서부개척시대 브이로그,665519,6546,,
psBQFkE_6tc,24,Entertainment,"410:1 경쟁률, 병건이네 민박｜방랑화가 이병건｜FIN. 제주",462664,6559,,
2KxEIeVNOtQ,24,Entertainment,2022 침투부 어워즈 시상식 & 유튜브 총회,771581,9493,,
eNF2lT5s2Lc,24,Entertainment,혼 빼놓는 흑마술 vs 기 빨리는 일루션,984444,12156,,
xZyoOfiBBUw,24,Entertainment,두리안 냄새까지 가두는 V-진공 포장,787240,8498,,
tbuWAN13cqg,24,Entertainment,좀비 사태에서 살아남는 게임,550772,6171,,
K3uVJDoFuhw,24,Entertainment,양정무 교수님의 '세상에서 가장 비싼 그림 이야기' 특강,1416525,12786,,
5M3y9XMZoPY,24,Entertainment,끊임없이 발전하는 콩고기버거,736994,8772,,
DtFw3MuIeFE,24,Entertainment,행복한 입대를 위하여｜방랑화가 이병건｜EP.07 논산,405471,7917,,
2Wkn-e7MRKo,24,Entertainment,피식대학 세계관 등장인물 월드컵,776174,7279,,
5l5OUajgNOA,24,Entertainment,안녕 구찌,1781422,19141,,
2dmZLhS-inY,24,Entertainment,피식대학 초대석 (with 배우 박정민),1280355,14125,,
eWU7MdrVLNc,24,Entertainment,침소리 컨설팅으로 탄생한 빅-반,635573,8796,,
8PPUFdfzca0,24,Entertainment,"더 퍼스트 슬램덩크 (THE FIRST SLAM DUNK, 2022) 감상회",1308605,13629,,
za_EbAThN1A,24,Entertainment,침착맨이 로마군 소대장이 된다면,427591,4314,,
cspfdOFcOsE,24,Entertainment,한국 좀비사태 발생시 필요한 현실능력 월드컵,1703500,11982,,
QAlkUzhL03U,24,Entertainment,고등어 솥밥과 슬램덩크 개혁안,637324,7770,,
z_OdvenYnAs,24,Entertainment,빵으로 벌어지는 연고전,1199110,14031,,
vO9sb-w1gdY,24,Entertainment,2023년 또 새롭게 태어난 NEW NEW 침착맨,1117369,15009,,
SP-LJqVgQuw,24,Entertainment,[ENG] 뉴진스 초대석,3878944,59019,,
K6Pfi0yLav8,24,Entertainment,통닭천사 리즈 시절...｜방랑화가 이병건｜EP.05 서울 강남구,1287634,21645,,
RRnO-9xfJY8,24,Entertainment,많이 먹는 사람과 많이 먹기,1305499,13980,,
NeTqujXzubM,24,Entertainment,(※소리주의) 솜사탕 만드는 기계,659216,11790,,
ysetd_r8Z9M,24,Entertainment,침투부 Awards 2022: 한 해를 정리하는 권위없는 시상식,653840,10426,,
G2waLH_NGO4,24,Entertainment,2대 침착맨의 필요성,598992,8277,,
IwbOoHByJrE,24,Entertainment,유튜브 로딩사태와 크롬 무기징역,773870,11710,,
8RO8eUd0t0U,24,Entertainment,고놈 참 맛나것다｜방랑화가 이병건｜EP.04 여수,891253,12740,,
dE9e75gOQ0M,24,Entertainment,'블랙홀의 과학' 특강 | 제2부 본격적인 블랙홀 이야기,1372271,9544,,
BYW59WPeBss,24,Entertainment,'블랙홀의 과학' 특강 | 제1부 강의의 지평선 너머로,1018744,9241,,
rd2qDgHC1vg,24,Entertainment,임용한 박사님의 '전쟁사의 오해와 진실' 특강,1686982,19285,,
ezq0MpTPQ1A,24,Entertainment,댓글창 '나가뒈져' 사태를 추억하며,688698,8006,,
HJUKcCzKa0Q,24,Entertainment,김풍의 일본식 번데기 짬뽕,1066379,11395,,
oTuqCpyI5Xs,24,Entertainment,독기 가득 충전된 상담소,679616,8957,,
Nc8rOrODhTw,24,Entertainment,가수 미노이 초대석,795763,9074,,
MBepsQF1viY,24,Entertainment,시청자가 알려주는 와인 설명회,728477,7579,,
4xWfyfdiCAQ,24,Entertainment,칼국수는 모두 다 장칼국수로 만들어야,715008,7226,,
G5m7kGORHBQ,24,Entertainment,옛날 게임잡지 창간호 구경하기,428065,5224,,
pkhEJQ0FTCg,24,Entertainment,서울대는 다르다｜방랑화가 이병건｜EP.02 서울 : 서울대학교,874736,14164,,
5E03Yphawnw,24,Entertainment,일 벌이는 사람들 특,785175,9909,,
EdJIxjLPS5w,24,Entertainment,파라오는 매년 공개적으로 ○○를 했다?,561469,6308,,
Wdpw6idowII,24,Entertainment,고대 이집트에는 헬리콥터가 있었다?,967374,9672,,
beUfUgcr9Bg,24,Entertainment,시청자가 알려주는 러닝 설명회,850750,9614,,
3N4BFRDuY4U,24,Entertainment,"방랑화가, 여정의 시작｜방랑화가 이병건｜EP.01 울산",950601,18677,,
0GVTi9nQoN8,24,Entertainment,침펄풍 밸런스 게임,1162198,12345,,
tZolEtoQyuY,24,Entertainment,막걸리 수육 떡볶이,1794492,16930,,
46Vzj17L3rI,24,Entertainment,겨울철 간단한 김장,1168425,11673,,
SlByJ7nfmBM,24,Entertainment,랜덤 식재료로 만들어 먹기,907977,9051,,
zvyBXnXfQXs,24,Entertainment,월드컵 개막전과 지스타 방문 후기,416921,4646,,
tdmX1lV0JjQ,24,Entertainment,나르시시스트에게 복수하는 법,806707,8768,,
zOLE3mr9NbA,24,Entertainment,침착맨의 군대 이야기,1041136,12613,,
6Hq9LzvbE7Y,24,Entertainment,계속되는 토크와 야추 다이스 대결,869502,9234,,
LWYRaJA8TSs,24,Entertainment,1123 올빼미팀 화이팅,1451974,17622,,
i5yL7TNYJJQ,24,Entertainment,리버스 블랙기업,804825,12064,,
0xckfkBis2U,24,Entertainment,(배불러도 남기지)마라샹궈,1800129,15595,,
YqUBeniadKM,24,Entertainment,어색한 모임에서 친해지는 법,951461,11341,,
fA5BhaxRvN0,24,Entertainment,가수 비비 초대석,1332514,14355,,
qvBi0Vr5mFA,24,Entertainment,'시간의 과학' 특강 | 엔트로피나 올리는 기계,994989,9783,,
D_DdyxvSdpA,24,Entertainment,손님 접대용으로 최고의 게임,689780,8402,,
xkMyVijvpOQ,24,Entertainment,침vs풍 즉흥토론 - 영화관 앞으로 사라진다? 남는다?,906577,8630,,
jlIUXUYV4Zc,24,Entertainment,빈폴과 함께하는 침펄통 남친룩 대결,821666,10183,,
78ggQXQyjLE,24,Entertainment,이론상 몇 끼까지 가능한가,1184187,9183,,
UWcgWLph_os,24,Entertainment,거울치료,1905717,22705,,
kaGg6f2rpXE,24,Entertainment,상업유튜버와 팝업유튜버,1038260,12605,,
99IeX1qYtuE,24,Entertainment,몸이 고생하면 머리가 나빠진다,921069,10664,,
KmRpq5GvYZo,24,Entertainment,인공지능과의 연애,569056,6427,,
MQzTPG8cLAw,24,Entertainment,독일식 디저트와 함께하는 침펄통 근황 토크,1451946,12779,,
jF2VkvXXHY4,24,Entertainment,해버지와 예측해 보는 카타르 월드컵 우승팀,2458893,19429,,
8-DYBQ8xQoQ,24,Entertainment,해버지 박지성 선수 초대석,2396083,31804,,
FMN-tz6QhTY,24,Entertainment,사랑의 매,897863,8710,,
3VUtMwMKGLk,24,Entertainment,전무님의 할로윈 특선 요리,724537,15767,,
Txe8JhWiP2c,24,Entertainment,포스트 아포칼립스를 알아보자,947027,8787,,
oiFMy3eW9qE,24,Entertainment,뉴욕에 여행을 간다면,812379,8110,,
ff_qPSkhcZQ,24,Entertainment,병건: 매벌이,595154,7631,,
LaJKnDxWc5U,24,Entertainment,연애 성공률이 높은 상황 월드컵,1493810,15773,,
FtlK9kzqPwc,24,Entertainment,세 남자의 연애 심층 토론,2426780,17054,,
H1negkB39uc,24,Entertainment,후루룩 후루룩,1800206,17871,,
sl7ih5rLfYM,24,Entertainment,'연애의 과학' 특강 | 제2부 이성 간의 우정은 가능한가,1396461,13438,,
4xIU_7hLBeM,24,Entertainment,'연애의 과학' 특강 | 제1부 몸풀기와 신규 코너,1212927,12911,,
NjLqAv5Mc8s,24,Entertainment,너 치료된 거야,1543095,45669,,
RS9uUvos8wk,24,Entertainment,이동진 평론가의 영화 한 줄 평 월드컵,1159371,13321,,
SOBGRF5Mxxw,24,Entertainment,인터뷰를 통한 공업적 최루법,2033349,21568,,
3btkx7wZsrg,24,Entertainment,일일DJ 전무님의 쿡방,888490,12443,,
x9jyYAUuSN8,24,Entertainment,나 납치된 거야,829051,12238,,
SjkeRCZjNIw,24,Entertainment,작사가 김이나 초대석,1138614,12035,,
Zhj4Xi9sYuM,24,Entertainment,왜 웹툰 작가들은 카페를 차릴까?,861658,11104,,
-xICFR9I6Ls,24,Entertainment,전무님과 (하나도 빼지)마라샹궈,2480922,19497,,
OGWNs2_waVA,24,Entertainment,과학 그리고 보약왕과 해적왕,851585,8014,,
EAJkJvk5Yf4,24,Entertainment,통닭천사의 간장국수,1635558,15742,,
OX6u_W7rFAU,24,Entertainment,미연시의 탈을 쓴 다큐멘터리,1785288,15749,,
rm5920KKzmM,24,Entertainment,일본을 다녀온 준빈쿤 근황,1931285,20316,,
LanQClV6QVo,24,Entertainment,쫄병 박정민 배우와 연기 이야기,901973,11604,,
FEmu10X3Va4,24,Entertainment,쫄병 박정민 배우와 학창시절 이야기,1040077,12829,,
a7DXVJfaDXQ,24,Entertainment,보석털이 브이로그,1008184,10925,,
qFrfD_Bws7g,24,Entertainment,'공포의 과학' 특강 | 제2부 시청자 사연 분석,1463928,10711,,
iDdqWPSimzA,24,Entertainment,'공포의 과학' 특강 | 제1부 아셨죠? 공포는 자신감,1487724,15674,,
KvQDLomh6jA,24,Entertainment,농구실력과 모근량의 상관관계,716327,8021,,
eixLlnY-TrA,24,Entertainment,이름이 많은 사람,1104250,12959,,
HgckUXFzbCo,24,Entertainment,침착맨의 호캉스,763006,10008,,
YLxRBicbGh4,24,Entertainment,돌아온 고마운 최고민수,1145652,10471,,
e7Ary2grhNI,24,Entertainment,클리셰 짤 월드컵,1400733,15995,,
JD-TLZvNE9Q,24,Entertainment,모범시민의 운전법,1244229,14124,,
uuugCRR9BUg,24,Entertainment,SKT와 함께하는 What a wonderFlip 이벤트,223401,2894,,
kPb5Ogu5NDA,24,Entertainment,냉라면 빌 게이츠 세트,695613,7818,,
-rnDbUxIrI8,24,Entertainment,오돌뼈 덮밥과 요즘 이야기,596110,9024,,
uwfgqZAZQoc,24,Entertainment,육개장과 조삼모사 보쌈,481398,5386,,
UCbddul8sJk,24,Entertainment,침착맨 냉라면 vs 시청자 요리,777144,6993,,
sOLDKX1_EQk,24,Entertainment,침착맨식 냉라면,783406,8937,,
CRuFgJtXF1g,24,Entertainment,자존감 상승 프로젝트,795388,11621,,
yMrLT7fdsfI,24,Entertainment,'제임스웹의 과학' 특강 | 우주 망원경 제임스웹,1673948,14668,,
U7Bh0c-HrIo,24,Entertainment,'누리호의 과학' 특강 | 누리호의 성공 분석,1082673,12665,,
ANRBFceIgqc,24,Entertainment,신기한 버거케이크,775341,9163,,
xF8X-JWXFOw,24,Entertainment,써브웨이 전문가,2112771,18007,,
5FpmyEp7QFk,24,Entertainment,의외로 진지한 상담소,1948486,21417,,
qDP65CUQ28Y,24,Entertainment,찌질의 역사 작업이 끝난 전무님,1133044,10816,,
RWrucbFNKj4,24,Entertainment,침펄인물사전 | 9장 기안84 편,1614453,23815,,
dns5OuAO8EI,24,Entertainment,메리 셀러스트호 실종 사건을 알아보자,964711,9796,,
YbTRK3NM-Lg,24,Entertainment,가장 호감인 삼국지 장수는?,1212544,7576,,
35NRXg0VRCY,24,Entertainment,소가 훈훈하게 쳐다보는 느낌의 맛,650510,8164,,
bRJI9-yXM5Y,24,Entertainment,하이큐 딱히 좋아하지 않는 사람,787209,12869,,
5zJbPoyc8ng,24,Entertainment,하피자 특) 칼로리 눈치 봄,1905438,19020,,
ZuxJ2kYscA8,24,Entertainment,침펄인물사전 | 7장 조세호 편,1973113,26264,,
A5dKhssSUYo,24,Entertainment,집에 가고 싶은 사람,1007539,12609,,
kWqonje3JsY,24,Entertainment,일본 페양구 야끼소바 컵라면 먹방,946012,10292,,
29Cy8L0YvUE,15,Pets & Animals,갈로아 님의 '아무 곤충말 대잔치' 특강,1490651,11350,,
RjcCm33z2fk,24,Entertainment,한우로 만든 패티를 두 장이나 넣은 폭력적인 버거,715888,8233,,
TyKCiUSUi1I,24,Entertainment,다시 해보는 최악의 연애 기념일 선물 월드컵,980670,8814,,
148yyZCy07E,24,Entertainment,햄버거도 좋고 치킨도 좋은데,932009,9252,,
mWjyaiWXexE,24,Entertainment,몸으로 말해요 & 양세찬 게임,1102357,15185,,
QAVaZnjZ9Qw,24,Entertainment,침펄인물사전 | 5장 박태준 편,986597,13830,,
2W_olIxcPWE,24,Entertainment,주우재와 가죽아저씨들,1446794,16882,,
xdh1SD5SYdY,24,Entertainment,컵라면 나시고르자브종,905079,11556,,
VoLfg_0j4Jw,24,Entertainment,침빠곽 여행 가고 싶은 나라 순위 정하기,2107954,18407,,
6-uqUlKQ02I,24,Entertainment,여행 유튜버 빠니보틀 & 곽튜브 초대석,2295954,26559,,
QsuhIGOXxfs,24,Entertainment,과학으로 본 주호민의 재즈,2964981,16740,,
f4jaBt4DhBo,24,Entertainment,공포의 떡옾기,1120789,10881,,
qRuMz77wseg,24,Entertainment,"어린이들이 웃을 수 있었던 공간, 고구마언덕을 추억하며",651239,7764,,
AX_9Y4K9bxI,24,Entertainment,그렇게 아버지가 된다,740155,11039,,
gYOesQEyaas,24,Entertainment,대학원 다니는 부엉이,1321683,24947,,
V1ryDPaC6mo,24,Entertainment,[ENG] 침펄인물사전 | 3장 우지 of 세븐틴 편,1313728,61944,,
DleIsZeSyZY,24,Entertainment,이제부터 편식가가 아닌 초미각자라 불러다오,500787,6265,,
aB8Xgn6JKXw,24,Entertainment,[ENG] 침펄인물사전 | 2장 백예린 편,2478684,48023,,
Cp2_wKAeRKs,24,Entertainment,과학으로 본 켄타우로스 바지 입는 법,1419247,10265,,
Ej7TJjAkixU,24,Entertainment,'무협의 과학' 특강 | 주변에서 볼 수 있는 무협,1562872,12034,,
CDARRDw3xpM,24,Entertainment,간편식을 불편하게 먹는 사람,1287548,11115,,
LuJiyc9icSs,24,Entertainment,침펄인물사전 | 1장 주우재 편,1783624,28756,,
F9IVqbXdjpw,24,Entertainment,나루토를 보려는 이유,610008,7728,,
vBfU2xlZm8o,24,Entertainment,떡볶이도 좋고 치킨도 좋은데,1095564,11048,,
6XGMTHXK8bE,24,Entertainment,오뚜기 양송이 & 옥수수 스프라면 먹방,1080815,10321,,
Vrl78SZ724c,24,Entertainment,침착맨이 알려주는 고사성어,933876,12179,,
L88ot-64UUU,24,Entertainment,아빠들의 수다,1526899,13577,,
P3OKINQnpuk,24,Entertainment,웃음의 알렉산드리아 도서관,2311872,21915,,
wUSskdTnd4M,24,Entertainment,셜록현준 교수님의 '도시의 발명' 특강,1406677,16256,,
Hqi6mbTUFuI,24,Entertainment,시청자들과 대결,2228800,23588,,
EC1XqMZj8VU,24,Entertainment,가장 먹고 싶은 아이스크림 월드컵,1880599,14703,,
-skXi3GaUBg,24,Entertainment,원피스 캐릭터 싸움 실력 서열 정하기,2122037,14253,,
Xrz88Zouz3o,24,Entertainment,갈틱쇼 물수능 vs 불수능,1380451,15917,,
9rQFcJHtAhs,24,Entertainment,주변에서 만날 수 있는 고대 이집트 2편,1437434,12215,,
8JCgwrKv4iI,24,Entertainment,이카리 신지처럼 행동하는 법,1348183,16506,,
O0GBSyWlLHk,24,Entertainment,김치찌개는 원래 하얗다,1702145,14833,,
llhcTERck_I,24,Entertainment,절대 따라하면 안되는 담배 피우는 법,1513861,15191,,
K6t_W23gdMs,24,Entertainment,이 악물고 그리는 침착맨 vs 이 갈고 맞히는 시청자,1594728,18405,,
PBUBzuGPoVY,24,Entertainment,주변에서 만날 수 있는 고대 이집트 1편,2787913,22650,,
g5Tt9UKkcMY,24,Entertainment,매운 떡볶이 먹는 법,797017,8645,,
FNNi7FiMArM,24,Entertainment,임세모의 밥버거,1127802,10155,,
EwFgMLIkQdg,24,Entertainment,침&펄의 써브웨이 로티세리 바비큐 치킨 심층분석,854509,10219,,
tAEUm8sxbgU,24,Entertainment,통닭천사의 돼지 파스타,3254565,27396,,
tAEUm8sxbgU,24,Entertainment,통닭천사의 돼지 파스타,3254565,27396,,
TgK4D3Ctsyc,24,Entertainment,'거짓말의 과학' 특강 | 제2부 노력하지 않았다는 거짓말,1204462,11570,,
O6eNm5sPOsM,24,Entertainment,그만둘 직장에 놀러가면 안 되는 이유,1648558,16534,,
FkCgVt3DSC0,24,Entertainment,'거짓말의 과학' 특강 | 제1부 몸풀기 퀴즈는 쌓인다,1639782,14873,,
iT29drEfolI,24,Entertainment,시청자 패션 훈수하기,1548728,15660,,
aKKZpCOLYic,24,Entertainment,한국 마술 공모전 월드컵: 뉴노멀 부문,456890,4342,,
3EF4ZLDWPYk,24,Entertainment,고생대(古生代)를 알아보자,1745487,13662,,
vV8XLaSE8-s,24,Entertainment,나라가 허락한 유일한 보약 월드컵,2151213,15390,,
1Chiz7T6U-M,24,Entertainment,예비 아빠 김풍 작가님 육아용품 쇼핑,1841133,18772,,
8Zth5QrketM,24,Entertainment,오랜만에 카레 먹으면서 잡담,1439364,14476,,
SKh-JfQhLrg,28,Science & Technology,강한 양파만 살아남는다,896703,15716,,
DGR1Og-cjOs,24,Entertainment,침착맨은 정말로 금연 중인가?,1974096,23622,,
EX_MvyhKO9o,24,Entertainment,우주먼지 콜라로 만든 수육,1641338,18349,,
FQQ3CD4gLCY,24,Entertainment,요트 쇼핑,1321921,14127,,
R5f98wSPS1g,24,Entertainment,하남자식으로 협상하는 게임,647506,6308,,
22mWmctLFOg,24,Entertainment,걸리기 싫은 질병 월드컵,1114997,9166,,
31FwmCAEJww,24,Entertainment,상남자특) 순댓국 특 먹음,3030589,30781,,
Te7sCYDmFVI,24,Entertainment,아이디어 대결을 가장한 채널 암살,648676,8384,,
a6470TMHpFc,24,Entertainment,매력있는 악역/악당 월드컵,3581771,17747,,
757GTaXR0jQ,24,Entertainment,특이점이 온 젤리 쇼핑,1139134,11490,,
qMvfuziJwRE,24,Entertainment,괴상한 코믹스 캐릭터 월드컵,1238378,10166,,
QHWObLSDEbc,24,Entertainment,K-히어로를 만들어보자,900364,12097,,
jPGDLCWHUQE,24,Entertainment,노딱 설명회는 노딱을 받을까?,730530,9898,,
hVE_Qc6PjoA,24,Entertainment,금연 23일차에 하는 담배 월드컵,3992009,27352,,
oLevYAYl0oA,24,Entertainment,⟪TRPG 병거니우스의 모험⟫ 합본판,818237,7142,,
GEeygaem4ow,24,Entertainment,⟪침vs펄 토론⟫ 합본판,2420490,15632,,
HlsL7Aw0ez4,24,Entertainment,원피스 '밀짚모자 일당' NEW 구조조정안,2188206,19025,,
uKej8YD7Rlg,24,Entertainment,삼괴권(三壞拳)의 고수를 찾아서,802324,20234,,
kOl27s1mgrg,24,Entertainment,더 놀라운 이왜진? 월드컵,4146333,18214,,
VLtv7n38xi4,24,Entertainment,전 직장에 놀러가면 안 되는 이유,775973,9651,,
dz3lctZkn9o,24,Entertainment,맵크나이트의 엄청 매운 킹뚜껑 먹방,941176,10451,,
cmPAz7k3njs,24,Entertainment,'히어로의 과학' 특강 | 제2부 하루종일 설명할 수도 있어,1991364,12550,,
jQTkB4d_wms,24,Entertainment,전무아저씨와 도시락 먹으며 잡담,1192963,9760,,
AsdHKLOM8uQ,24,Entertainment,'히어로의 과학' 특강 | 제1부 2021년의 히어로,1742684,14298,,
AOr439f6bJU,24,Entertainment,나라가 허락한 대마커피,956368,12303,,
leOZrOGHj6U,24,Entertainment,최고의 겨울 간식 월드컵,2533222,15612,,
vm0O-Hpjs4g,24,Entertainment,오랜만에 버거형제,964386,9905,,
9H6yUo8oCWk,24,Entertainment,통닭천사의 떡볶이,2210232,17922,,
-YZ_z_TRBnY,24,Entertainment,치킨계의 냉전시대,772523,8258,,
0pw5gBIAWQM,24,Entertainment,환타로 만든 뱅쇼 vs 쌍화탕으로 만든 모주,2245542,22318,,
lSt2UnEmGxc,24,Entertainment,포켓몬 괴담과 검은 닌텐도,2515865,20292,,
J_1iXthSH5o,24,Entertainment,그 와중에 밥은 맛있고,1121074,13331,,
IGvnjQrV09w,24,Entertainment,MBTI 유형 진짜 맞나 확인하기,801879,8587,,
qTm-qUSKuC4,24,Entertainment,끓여먹는 콜드브루 커피,1562084,14750,,
g8BNuj5C0vE,24,Entertainment,진짜 나와버린 철면수심 차돌짬뽕,1678408,16204,,
uUoQ6SmZEgk,24,Entertainment,INTP특) 내 말만 맞음,1052040,13125,,
V_y3b_9ReU0,24,Entertainment,함께 먹으면 더 맛있는 부대찌개,2407490,19033,,
QapJKN-_ha4,24,Entertainment,호크아이 슨배임 살려내라 이놈들아,1007109,12402,,
6qQWZmk5_WY,24,Entertainment,추운 날씨엔 장칼국수,2074941,16098,,
aEgov1XHmos,24,Entertainment,라텍스 수제비,908412,10969,,
RHklOW-bL_c,24,Entertainment,침착맨이 그나마 좋아하는 김치 월드컵,915978,8372,,
imTVT-yn-xE,24,Entertainment,일이 손에 안 잡히는 전무님,1223826,12709,,
PxC5kDvxoSs,24,Entertainment,황당한 라이트 노벨 제목 월드컵 (※황당한 게 아니었다?!),1707026,17062,,
GOb70rO9JUY,24,Entertainment,'로켓 과학' 특강 | 제2부 NASA와 VSVN,3251062,17644,,
6Y1kWcrFKQo,24,Entertainment,'로켓 과학' 특강 | 제1부 비둘기부터 로켓까지,2965487,18170,,
eV7RaPDIG-w,24,Entertainment,남캠맨,1388407,20876,,
vc5cLIQu4oo,24,Entertainment,곰탕 라면,859295,9370,,
kXVOrZl9HmE,24,Entertainment,호빵업계 어디까지 가는가,1950745,20053,,
bxUK_9rpFLw,24,Entertainment,미국식 덮밥,2117811,15201,,
oec-F62u-Vg,24,Entertainment,"미지의 생명체, 크립티드(Cryptid)를 알아보자",1044537,10441,,
sd_s9SLFphw,24,Entertainment,침착맨의 뿌리를 찾아서 | 3화 안산 편(完),558987,9580,,
4zIQ55coQmU,24,Entertainment,카톡 고백 월드컵,4092068,32056,,
leQNQ5MTsfw,24,Entertainment,삼국지에 미친 사람의 택배,909184,10550,,
HzxdVaKaPyA,24,Entertainment,버섯(Mushroom)을 알아보자,1142629,13392,,
ytyJgnfb40Q,1,Film & Animation,"듄 (Dune, 2021) 감상회 (with 주호민)",1828794,14618,,
Qlm12sRtClM,24,Entertainment,독기 가득 충전해온 주호민,2446001,21150,,
tYHgOCT68VE,24,Entertainment,침착맨 판타지 삼국지,638834,7379,,
TAA2lvidJPw,24,Entertainment,버튜버 아이돌 로나로나땅,1501175,19068,,
Q7aA7E_WF0w,24,Entertainment,만델라 효과,1903411,18144,,
T14f1ZjqLRw,24,Entertainment,"어색, 뻘쭘, 부끄러운 순간 월드컵",1012295,7948,,
HKzMkcNSNg8,24,Entertainment,매운볶음면 2개 푸드파이트,814785,7915,,
0uc-0xqWcwY,24,Entertainment,차돌짬뽕 로고와 호날두 개체수 줄이기,672877,6865,,
sNdK-ZHbByw,24,Entertainment,'양자역학' 특강 | 제2부 파동 침착맨과 입자 침착맨,2169679,16953,,
_5Jsp-bIeqU,24,Entertainment,"오징어 게임 (Squid Game, 2021) 감상회",2521834,24177,,
QK2-QUcp4zY,24,Entertainment,'양자역학' 특강 | 제1부 양자역학과 위기의 브라질 사람들,2878825,23463,,
NSsfNvAuz_w,24,Entertainment,인천 설명회,1545163,14288,,
1v3ogco8zF8,24,Entertainment,차돌짬뽕 청문회,1457167,13042,,
uhZ7xQiu7Qg,24,Entertainment,좀비사태 발생시 착용할 방어구 월드컵,1376622,11935,,
X8fHUXXrUj8,24,Entertainment,협동해서 이혼 막기,530136,4905,,
LOuy_4lrauM,24,Entertainment,쉽게 질리는 음식 월드컵,5695516,37302,,
C56L0JaoYwE,24,Entertainment,이건 못 참지! 깰 수밖에 없는 알람 월드컵,735247,7948,,
iELgTIG8KEQ,24,Entertainment,모든 것이 감사해지는 초밥,1304199,16119,,
CGJ2uB5TYqQ,24,Entertainment,이것은 마술인가 마법인가,3218537,30112,,
_M71wCMxT3o,24,Entertainment,쓸데없지만 신기한 사실 월드컵,4578372,23596,,
hEqJLnEWVKk,24,Entertainment,세 명인데 피자 한 판만 시켜버림,1868627,17047,,
dang96gloVs,24,Entertainment,'유사과학' 특강 | 제1부 유사과학에 관한 몸풀기 퀴즈,2537226,18351,,
Uepu0fO--9E,24,Entertainment,시청자 방 훈수하기,5555532,44501,,
keExg7xjO3o,24,Entertainment,5억 년 버티고 천만 원 받기 vs 그냥 살기,3223401,23482,,
5cVDuWpFix4,24,Entertainment,그동안 알고 있었던 영어는 잊어라,967473,16148,,
mllPpHzhSpU,24,Entertainment,침&펄이 제작하고 싶은 영화 장르 월드컵,1235829,8802,,
oZGBh_njraU,24,Entertainment,지르려는 동생 vs 말리는 오빠,1967502,17220,,
qRUxCTEtKMI,24,Entertainment,음모론 & 미스터리 월드컵,5212342,33422,,
i7PyLhcb1qM,24,Entertainment,납량특집 공포 사연 낭독회,2164643,23717,,
hRHJdWqs33A,24,Entertainment,최악의 음식 조합 월드컵,1207922,9246,,
L9gSiyTLMe8,24,Entertainment,애니 여자 캐릭터 움짤 월드컵 1024강,1294989,13627,,
mmc4w1FAs50,24,Entertainment,인싸들 먹거리 탐구시간,1430430,14613,,
m5BJvrUz514,24,Entertainment,침착맨 삼국지 여포전,2944137,15209,,
MEE0h8E5Goo,24,Entertainment,[드립 장전 완료] Y드립 시네마 '침세계',309501,5933,,
NYI3nIOTHC4,24,Entertainment,세계의 특이한 법 월드컵,1245704,13294,,
WQokyoYgZ_s,24,Entertainment,떡볶이로 식사가 될까?,3012484,22851,,
EsJgQd5A-Qw,24,Entertainment,"침펄풍 해외 여행기 (오키나와, 벨기에, 이탈리아)",850344,8189,,
0vwmOLgjfOw,24,Entertainment,지도와 함께 보는 서울(Seoul) 설명회,1345120,13361,,
x-YQvdE95jg,24,Entertainment,김치찜 먹방과 아저씨 이야기,2478186,20318,,
X508rTBKdE4,24,Entertainment,유튜브의 대항마는 존재하는가?,1000545,9475,,
2dFxr9ossug,24,Entertainment,버거에서 느껴지는 생선의 좋은 비린내,1334719,12496,,
ExSEEwLmiY4,24,Entertainment,제육게임 (100일 동안 제육만 먹기),1587305,13084,,
T3chPJuPPic,24,Entertainment,드래곤볼(Dragon Ball) 설명회,3200561,18087,,
WrNbkZXMENo,24,Entertainment,끝없는 수다삼매경,3075120,22106,,
vbJ0h-hveoo,24,Entertainment,침착맨은 너무 졸려,1003677,14712,,
d6UI8DLblEc,24,Entertainment,부드러워진 돌빵,1167999,11999,,
NLylbGMhiDw,24,Entertainment,침펄풍 연애특강,1290678,15167,,
Z7_WWJEj-j8,24,Entertainment,유사과학 월드컵 (이과답답주의),12243155,36576,,
AccSRZEsRs0,24,Entertainment,세상 속 좁은 소인배 월드컵,1957542,12103,,
UXb2DyR_2R4,24,Entertainment,침착맨 삼국지 원소전,2485225,12298,,
7KBkw6j_adc,24,Entertainment,주호민 작가님과 식사 중 각종 잡담,1869335,15240,,
Ttk3MYVi5lA,24,Entertainment,끝나지 않는 최고민수 선생님의 참교육,541725,6800,,
quwdMWnCE38,24,Entertainment,침착맨 삼국지 동탁전,2156166,12832,,
PbGcEgBdvMM,24,Entertainment,라면과 가장 잘 어울리는 짝꿍 월드컵,2433279,14159,,
biUg_AAys0M,24,Entertainment,눈 감고 탄산음료 7종 알아맞히기,817968,8365,,
KwdDWYj6nzo,24,Entertainment,풍형의 추억과 함께하는 맘스터치 먹방,1161335,9427,,
e-YLy-pu2IE,24,Entertainment,상황에 따라 더 맛있는 음식 월드컵,2203474,13983,,
qbLpfBgZ2zg,24,Entertainment,가장 아름다운 로고 월드컵,1759044,15088,,
OaLjtcFd8Wg,24,Entertainment,WPL 프로 포커플레이어 임요환 님에게 포커 배우기,745139,6947,,
nlTn_odOjHY,24,Entertainment,솔로몬의 72악마 설명회,3305196,27057,,
apIbXjVp8NU,24,Entertainment,"원피스 '밀짚모자 일당', 반으로 줄여야...",2447216,16296,,
WeGDixN-u48,24,Entertainment,침공... 어찌하여 목만 오셨소,2072797,26630,,
-xyd6yiNbXw,24,Entertainment,지금 당장 있으면 좋을 과학 기술 월드컵,589737,4003,,
IAVLHT9p0NI,24,Entertainment,명탐정 침착맨의 국정원 추리 퀴즈 풀기,893329,6994,,
11X2qnHCtOY,24,Entertainment,명품전문가 염따 님의 Flex 설명회,3237123,30904,,
elVu6X0rXXA,24,Entertainment,슈퍼카 쇼핑,1219870,9192,,
IfOSBmBCWw0,24,Entertainment,자식 먹는 거만 봐도 배부른 아빠,2726663,24789,,
GqWcVvb4Ars,1,Film & Animation,애니속 최고의 명언 월드컵,3126260,22867,,
DWKH9RSPYIQ,24,Entertainment,지맘대로 고르는 마블 캐릭터 월드컵,1078656,9119,,
tttr8nRiUL8,20,Gaming,좀비사태 발생시 피신할 장소 월드컵,3711159,20688,,
nwskh-ZIi6E,24,Entertainment,슬램덩크 최고의 명장면 월드컵 (with 배성재 아나운서),1888451,12389,,
ewYbqtJuq_E,24,Entertainment,쏘영마미에게 선물할 명품백 쇼핑,1447533,13232,,
53XqM_ofaKw,20,Gaming,집에 가고 싶은 사람 vs 집에 가기 싫은 사람,2743484,27745,,
NsnLkR7wD9c,20,Gaming,명작(名作) 일본만화 월드컵 32강~결승,1656792,9127,,
P6qXzKXEYcI,20,Gaming,명작(名作) 일본만화 월드컵 64강,2960616,14862,,
JStFKELFNDE,20,Gaming,오랜만에 놀러 온 주호민 작가님,837405,11338,,
LRRNtA_xX9A,20,Gaming,"이번엔 무조건 정한다, 최종 자동차 쇼핑",1650880,11141,,
6oSBkEU1ohQ,24,Entertainment,먹으면 웃음이 절로 나오는 군대리아 세트,2156700,18273,,
hnanNlDbsE4,24,Entertainment,침착맨 삼국지 완전판,13268391,91638,,
dV3d_e8GS-4,27,Education,자식을 열받게 하는 아빠가 있다??,1743313,19629,,
pkXiOnXAO90,15,Pets & Animals,인생의 1/4을 포켓몬 연구에 쏟은 이소영 박사,2645522,27406,,
umfniL53XvY,24,Entertainment,하기 싫은 주호민,2024130,19269,,
x4mZBuEOaa8,28,Science & Technology,끝없이 큰 것부터 가장 작은 것까지 비교하는 '우주의 규모',2924546,21687,,
TriakUSaFfA,24,Entertainment,대왕연어 초밥과 새우 튀김,1477847,14126,,
CEDzUn9pOG0,24,Entertainment,원피스(ONE PIECE) 설명회,3572018,26874,,
_z7ALTDqEGw,15,Pets & Animals,주호민이 다음생에 다시 태어나고 싶은 곤충 월드컵,1673468,11984,,
Fu54nulGB3s,20,Gaming,침갈량은 장안에 입성 할 수 있을까? - 롤 3차 북벌 매드무비,124290,1335,,
CEDzUn9pOG0,24,Entertainment,원피스(ONE PIECE) 설명회,3572018,26874,,
_z7ALTDqEGw,15,Pets & Animals,주호민이 다음생에 다시 태어나고 싶은 곤충 월드컵,1673468,11984,,
apV907sPIZo,24,Entertainment,전혀 몰라도 입문할 수 있는 침착맨 삼국지 4부,1666985,10869,,
4k48gvdAsFY,24,Entertainment,전혀 몰라도 입문할 수 있는 침착맨 삼국지 1부,5214307,47995,,
l34sRgWC9Ls,24,Entertainment,오늘은 집에 가기 싫은 주호민 아저씨 (스팀게임 둘러보기),1158226,10199,,
IxaOybVE50Y,17,Sports,이악물고 자식 이기려는 아빠,2492185,26201,,
IXOKakXXjdo,22,People & Blogs,【침터뷰/슈카 편】 1부 - WOW 공대장 출신 경제 유튜버,1713369,10935,,
6qw5CH_6tb0,24,Entertainment,군대 보급품 월드컵,2544916,12850,,
GgZu7Ncbc6E,24,Entertainment,【침터뷰/윤태진 편】 1부 - 나 미스 춘향이야 (with 배성재 아나운서),1205668,7744,,
YqVLuqwsxno,20,Gaming,영리메 - 15화 연주 전투 / 16화 고성 전투,38917,315,,
4w7TcS7Dbc8,24,Entertainment,소소하게 싸움나는 음식 먹는 방법 월드컵,2264263,12294,,
yBAJVIr_rM0,24,Entertainment,내 주변에서 만나기 싫은 극혐 삼국지 인물 월드컵,2155274,11047,,
PfO6RLBjLvg,24,Entertainment,짜장면과 깐풍기,1885387,11541,,
QF_jqcF6lY8,24,Entertainment,내가 위험할 때 나를 지켜줄 동물 월드컵,1308253,9113,,
PrBupTUlGz4,24,Entertainment,【침펄풍】 이제는 너무 뻔한 클리셰 월드컵,2240510,13132,,
vOjPMDbXYBY,22,People & Blogs,【침터뷰/이석우 편】 하이라이트,35940,325,,
P0L67LpVvIk,20,Gaming,'사우스쇼어' 멀록대가리 카레 - 침펄놈의 대모험 14화,52742,409,,
Flli-k6QCBM,1,Film & Animation,"코코 (Coco, 2017) 감상회 (with 주호민)",738629,6722,,
CuQndScVBNU,20,Gaming,"모험모드 8크툰, 크툰님 준비됐죠? 오께이~",158667,2032,,
Z1vgOoIuP5M,22,People & Blogs,진짜 아빠를 찾아라!,3106182,31447,,
XOAKVSjAnrs,20,Gaming,대항해시대 4 | 제26화 향신료 셔틀,28230,213,,
XSjEGmekhJA,10,Music,어우 듣기좋아~ 중독적인 CM송 월드컵,1220062,10087,,
gcRzKVztwK4,24,Entertainment,듣기 싫은 꼰대어 월드컵,2724419,21839,,
0zFBEMoZV-A,20,Gaming,【LOL】 시공을 등지다! 돌아온 번개오소리,99946,974,,
UbBxDPkbCgk,20,Gaming,【하스스톤/투기장】 사제 고급반 강의 - 침착하게 필드 뺏어오기,39330,245,,
ydZKuOW_zI0,24,Entertainment,최고의 진상 손님은? 편의점 진상 월드컵,2186646,17344,,
Fb8YynXY9hY,20,Gaming,【하스스톤/투기장】 앨리스팩 학수고대 도적 #2,16736,69,,
Hm_8iG70cig,20,Gaming,【징기스칸전】 65화 -  바그다드 내성전,11258,66,,
qIinYt5nUII,24,Entertainment,【침vs펄 토론】 여름 vs 겨울 평생 한 계절로 살아야 한다면?,4156507,28809,,
efXFdwlQmi0,20,Gaming,【징기스칸전】 63화 -  이스파한 사막전,9661,68,,
-FcmxTTX-LA,24,Entertainment,【침vs펄 토론】 침착맨 vs 주호민 산다면 누구 인생으로?,3850191,26855,,
rfk4nBhk_7s,24,Entertainment,【침vs펄 토론】 유비 vs 조조 직장상사로 누가 더 좋은가?,4217747,26923,,
a05yC7adBpA,20,Gaming,【징기스칸전】 51화 -  서요 토벌전,10292,57,,
9LQsLPsKRq8,24,Entertainment,【침vs펄 토론】 딱딱 복숭아 vs 물렁 복숭아 뭐가 더 맛있나?,6360610,52109,,
yBbaQrf3CR0,20,Gaming,【히오스】 시공스타K 4강 (A조 vs B조) 3경기,4690,36,,
ig8XZjyCYNU,20,Gaming,알고보니 시청자 분이 만든 게임? 【톤톤용병단】 #1,49519,272,,
kLJvcGGjw1Y,20,Gaming,【하스스톤/투기장】 투기장 1타강사 복귀전 #2,16219,52,,
T-nQgKc8SM0,20,Gaming,【하스스톤/모험】 폭심만만 묘수풀이 #7 ~생존~,2498,10,,
4NO6Qt0NGN4,20,Gaming,"【하스스톤/모험】 폭심만만 묘수풀이 #2 ~치명, 박사 붐 치명~",6888,19,,
LnKXFl0FzmA,20,Gaming,【하스스톤】 침착맨vs매직박 치열한 위즈뱅대전 #2,8111,29,,
qU072FEL7Cw,20,Gaming,【징기스칸전】 08화 - 타이츄트 탈출전,19015,88,,
8tZMQEuV-JY,20,Gaming,【하스스톤/하이라이트】 힐 먹는 굴단 (※미친놈 주의),83714,522,,
a6LAwQTc5ro,20,Gaming,【하스스톤/투기장 - 강의】 #3 메카 자락서스로 열받게 정리하기 강좌,11084,35,,
V8HIVhI4hY0,20,Gaming,【하스스톤/투기장 - 인터넷강의】 #2 역병 없는 드루이드 공략,10298,41,,
lXPI-8WVf0Y,20,Gaming,【하스스톤/투기장 - 인터넷강의】 #5 모독 3장으로 흑마 고승하는 비법,12567,57,,
ukGMyZTX-PU,20,Gaming,본격 저그 군단조합 (부제:이게 군단이냐?) 【히오스】,11091,51,,
LkahfPdvvsg,20,Gaming,【하스스톤/하이라이트】 침착맨 스페샬 26 (부제:은장검 3연벙),62202,245,,
9wAmmq-k_P8,20,Gaming,마녀숲 모험모드 5탄-마지막 보스 '하가사' 【하스스톤/모험모드】,41256,140,,
nXusikSrmos,20,Gaming,"【킹덤러쉬】 5화. 오크왕, 야만족왕, 트롤왕 (Kingdom Rush)",17814,75,,
TwqkXcybY3Y,20,Gaming,【히오스/하이라이트】 1승이 하고 싶었습니다,18894,96,,
11Neu3WgfWo,20,Gaming,【마구마구】 쌍방울은 끝날 때까지 끝난 게 아니다,17898,101,,
HQndcNPMFws,20,Gaming,【히오스】 침착맨팀vs기무기훈팀 5대5 이벤트전,3420,11,,
7FOqt0Rtq68,20,Gaming,【히오스】 하스스톤 조합 #1 (옥냥이/따효니/기무기훈/한조추추/침착맨),10485,47,,
K7ek-3c6qzM,20,Gaming,【히오스】 레오릭인 줄 알았던 켈투자드의 활약,5285,29,,
IDudNei5p6Y,20,Gaming,【마구마구】 복귀유저vs고인물 3대3 팀플전 #4 (옥냥이/철면수심/침착맨),9560,38,,
P7XUxAs3Pg8,20,Gaming,【발리언트 하츠】 #13.빅터야 기다려라 아빠가 간다 (Valiant Hearts : The Great War),4118,19,,
_0DOBKXp1hE,20,Gaming,【워킹데드 시즌3】 뉴프론티어 에피소드 5-1 (The Walking Dead: A New Frontier),6559,34,,
uKrocBaOpDc,20,Gaming,【원본】 2017년 07월 15일 (히오스),2443,14,,
QO3xPIZVMDE,20,Gaming,【배틀그라운드/HL】 등 뒤를 조심해... 후라이팬 암살자 침착맨,21130,153,,
2q_ohIGP3hU,20,Gaming,【엑스컴2】 3지구 베테랑/철인 난이도 #11 (X-COM2),1437,10,,
8lxSiH6_Y_8,20,Gaming,【엑스컴2】 3지구 베테랑/철인 난이도 #5 (X-COM2),2640,10,,
0Lk3Z3TKT8o,20,Gaming,"【원본】 2017년 02월 16일 #2 (그림 판당고, 히오스 팀리그)",1745,10,,
1uaDX7ae9l0,20,Gaming,[원본] 2016년 06월 02일 (워킹데드),1436,13,,
o2HMJ1NAg-A,20,Gaming,[침착맨의 워킹데드] 시즌2 에피소드 4-1 (The Walking Dead 2),13967,67,,
01W-FRDtcrM,20,Gaming,[침착맨의 워킹데드] 시즌2 에피소드1-4 (The Walking Dead 2),14782,58,,
N1a60gotHF4,20,Gaming,[침착맨의 워킹데드] 시즌1 에피소드1-2 (The Walking Dead 1),30735,98,,
h-eDsQzZJkw,20,Gaming,침착맨의 엑스컴:에너미 위딘 #11 (X-COM: Enemy Within),5771,19,,
OqXTo6d6Pcg,24,Entertainment,틱톡 화살여신 갓벽하게 따라하는 에스파 카리나 #에스파 #카리나 #할명수 #박명수 #shorts,539148,12567,,
hfAZFIuo2dY,24,Entertainment,박명수 X 닝닝 조합 대찬성 #할명수 #박명수 #에스파 #닝닝 #shorts,59015,1593,,
epAjGmunCAo,24,Entertainment,에스파 윈터 X 카리나의 모에모에큥 받고 릴스 성공한 지젤 #에스파 #윈터 #카리나 #지젤 #할명수 #박명수 #shorts,138170,3882,,
hIOaB30Mgp4,24,Entertainment,예뻐서 미쳤네 #할명수 #박명수 #에스파 #카리나 #shorts,730688,12909,,
pvygkfBndmo,24,Entertainment,어우 너무 치명적인데? 제가요. #에스파 #윈터 #할명수 #박명수 #shorts,44744,1544,,
QmqIEEeECIE,24,Entertainment,(ENG) 대한민국 3대 귄카 팽현숙 박명자 그리고 에스파ㅣep.119,550064,18619,,
zjToaOsIcr4,24,Entertainment,명수도 해외 팬 있음 #할명수 #박명수 #shorts,29404,571,,
ZiU7kIbkpQM,24,Entertainment,경호야 시대가 변했다 #할명수 #박명수 #shorts,24118,755,,
xvb7rjgDY0o,24,Entertainment,미친 완급 조절 #할명수 #박명수 #무진스 #newjeans #shorts,35620,761,,
HX317Jr04XM,24,Entertainment,소식좌 면끊기 먹방 #할명수 #박명수 #편의점신상리뷰 #컵라면 #shorts,37715,543,,
XlSkLz6r4zg,24,Entertainment,연대빵 VS 고대빵 #할명수 #박명수 #연세우유황치즈생크림빵 #고대사과잼페스츄리 #shorts,28366,424,,
_Ohqc-ctJxM,24,Entertainment,"(ENG) 여러분 무료 팬미팅입니다, 돈 내고 오셔야 더 알차요ㅣep.118",248783,5476,,
yckQVHPNvjQ,24,Entertainment,"(ENG) 배 터져 D질 것 같다면 당근을 흔들어 주세요🥕ㅣ당근김밥, 당근라페핫도그, 오모리불닭누룽지, 연세황치즈생크림빵, 고대사과잼페스츄리ㅣep.117",807632,11303,,
68MqrHFllac,24,Entertainment,박명수 프로 수발러 TXT 연준 #투모로우바이투게더 #박명수 #할명수 #shorts,307572,22447,,
Qg6PRVxBzi8,24,Entertainment,그거랑 다르지 인마!!! (feat.송은이) #TXT #투모로우바이투게더 #무한도전 #박명수 #할명수 #shorts,89194,4470,,
CXogqMhHKZA,24,Entertainment,지금 무슨 노래 듣고 계세요? #TXT #투모로우바이투게더 #박명수 #할명수 #뉴진스 #하입보이,35809,1513,,
Io4eHmTIxvw,24,Entertainment,(SUB) 어느날 내 아이돌이 유부남이 됐다ㅣ응답하라 투모로우바이투게더ㅣep.116,1303140,75190,,
I4Iq70Cm-mI,24,Entertainment,추접스럽게 그걸 왜 올려줘! ㅇㅇㅇ은 가능. #할명수 #박명수 #미노이 #shorts,61480,1091,,
T7wp_PefKoU,24,Entertainment,미노이 X 박명수 우고츄 #할명수 #박명수 #미노이,5801549,146822,,
dMARj0n2CZQ,24,Entertainment,(ENG) 어흐 킹받아! 어흐! 어흐으!! 신흥킹 미노이X원조킹 명수 친해지길 바래..💙 | 할명수 ep.115,593956,6012,,
-d9KbuYdujw,24,Entertainment,뚝심있네요 할명수  #할명수 #박명수 #황정민 #강기영 #사랑의불시착 #shorts,29320,417,,
VMcVomE57Lw,24,Entertainment,"암튼 둘 다 서윗 그 잡채,, #할명수 #박명수 #황정민 #강기영 #shorts",1067942,14599,,
bfb7TG5dMmU,24,Entertainment,박명수X황정민 무한도전 키스 비하인드 #할명수 #박명수 #황정민 #강기영 #shorts,155711,2328,,
_kr_lY-Q-pM,24,Entertainment,구닥다리 진행 아니냐?  #할명수 #박명수 #황정민 #강기영 #shorts,95192,1398,,
WjQkUIRs3fc,24,Entertainment,(ENG) 대배우 ‘교섭’ 했다고 뭐가 다를 줄 알았어? 구닥다리가 구닥다리하는데 뭐가 문제야ㅣep.114,1413354,17226,,
kVG4QJ-eKDc,24,Entertainment,명자 잠깐 나와 봐.... #할명수 #박명수 #newjeans #shorts,530126,25533,,
Wu_hcKziqeE,24,Entertainment,무도는 모르지만 무야호는 아는 뉴진스 혜인ㅋㅋㅋㅋㅋㅋ #할명수 #박명수 #newjeans #shorts,1340943,36409,,
Jddwxw5lzek,24,Entertainment,수줍지만 할 거 다 하는 뉴진스🐰 #할명수 #박명수 #newjeans #shorts,2386350,99022,,
rnwx0X3kWJY,24,Entertainment,(SUB) 뉴진스~💕 예능에서 제일 나쁜 사람 만났으니까 이제 뭐든 할 수 있어요ㅣep.113,2593718,58980,,
VWbS6iE-KXg,24,Entertainment,생각만 해도 아찔한 고백ㅋㅋㅋㅋ #할명수 #박명수 #shorts,77991,1914,,
yd8BbpZOdns,24,Entertainment,뻘하게 터지는 드립ㅋㅋㅋ #할명수 #박명수 #shorts,51101,769,,
CmQ1AK89_KA,24,Entertainment,떡볶이집에서 중학생 만난 박명수 #할명수 #박명수 #shorts,67683,1941,,
TRmuVrhUios,24,Entertainment,(ENG) 새해처럼 붉은 떡볶이나 먹고 한 살씩 더 먹어라ㅣ종로구 떡볶이 투어ㅣep.112,1344536,17118,,
DgT--xsmqIs,24,Entertainment,탑건 매버릭 아니고 매벌이 #할명수 #박명수 #shorts,22266,414,,
VsSNO8Ex7Tg,24,Entertainment,이하늬 VS 박명수 #할명수 #달력촬영 #shorts,31918,523,,
eQ_3hPu7EHI,24,Entertainment,무도 레전드 뭐 하묘~? #할명수 #박명수 #shorts,67261,2722,,
7bxGom-muM8,24,Entertainment,(ENG) 2023년 수요 없는 달력 제작기ㅣep.111,198748,4109,,
3hY2KWn-Hmk,24,Entertainment,솔로에게 엄격한 트리 아저씨 #할명수 #박명수 #크리스마스 #shorts,34441,2371,,
reocJvxtPyU,24,Entertainment,"(ENG) 추워죽겠는데 집구석에나 있지 왜 나와가지고 미친#$%@ 제작진: 메리 크리스마스~!🎄☃ㅣ명동 롯데백화점, 명동 신세계백화점, 잠실 샤롯데가든ㅣep.110",553884,7644,,
Z0-UamB0VD0,24,Entertainment,P 그 잡채^^ #할명수 #박명수 #브이로그 #shorts,46106,792,,
kTMsiQdSdLk,24,Entertainment,동네방네 소문난 방학숙제 #할명수 #박명수 #박명수의라디오쇼 #shorts,28808,677,,
GKUXIsuSSEw,24,Entertainment,(ENG) 나만 잘 되게 해 주세요.ㅣ70년생 브이로그ㅣep.109,409508,6958,,
_rTBQO3KeKo,24,Entertainment,무한도전 박명수 VS 런닝맨 지석진 #할명수 #박명수 #지석진 #김수용 #shorts,1195670,9735,,
8G_MfEYWKK4,24,Entertainment,지석진둥절 #할명수 #박명수 #지석진 #김수용 #마스터커피 #맥스웰하우스 #shorts,139084,843,,
2qTaSM4dVQY,24,Entertainment,(ENG) 영업 시작부터 끝까지 토크만 하다 끝나는 아저씨들 모임ㅣ할명수 ep.108,539360,5970,,
yjbMZslVJ-w,24,Entertainment,30만 원 호텔 케이크에 그렇지 못한 리뷰 #할명수 #박명수 #shorts,52622,1142,,
reFI7z9jyjg,24,Entertainment,네. 케이크에 취했어요. #할명수 #박명수 #shorts,24739,485,,
S-Qy_31pwDo,24,Entertainment,한국인 특 케이크 먹을 때도 김치 찾음 #할명수 #박명수 #shorts,29192,893,,
7ANPnTmerF8,24,Entertainment,(ENG) 비싼 게 제일 맛있네 👍 역시 엄마 말은 틀린 거 하나 없더라ㅣ할명수 ep.107,1578015,23240,,
jsmxSEBJslA,24,Entertainment,(ENG) [깜짝 카메라] 고객님.. 무릉도원이세요...?🤗 경제 개그맨 박명수가 푸짐하게 쏜다!ㅣ할명수 ep.106,667456,3653,,
slwFjqcYP6I,24,Entertainment,환갑 잔치 아님 팬미팅임 #할명수 #박명수 #세븐틴 #팬미팅 #shorts,92225,5295,,
MfLvQZ-3VUw,24,Entertainment,명수 잡는 세븐틴 디에잇 #할명수 #박명수 #세븐틴 #shorts,139762,9908,,
p3pzltU6iFU,24,Entertainment,무한도전에 진심인 세븐틴 버논 #할명수 #박명수 #세븐틴 #shorts,165211,10691,,
OE7ziCShUGA,24,Entertainment,(SUB) 무도키즈 세븐틴 버논과 (아)무(것)도(모르고) 나온 그냥 키즈 디에잇ㅣ할명수 ep.105,1475441,72234,,
jqZQ1-qw4Mo,24,Entertainment,방탄과 세븐틴 사이 유죄인간 #할명수 #박명수 #이석훈 #shorts,462010,15637,,
1aZthHRrCtY,24,Entertainment,심기 불편한 공주님들 #할명수 #박명수 #이석훈 #shorts,54840,1436,,
yv-rcyJOlOY,24,Entertainment,"(ENG) 젊은이들의 문화... 쉽지 않다 그냥 늙은이로 살게요ㅣOOTD, 탑꾸, 스토리 바느질, Rush Hour 릴스 챌린지ㅣ할명수 ep.104",453663,9175,,
A8lWKS5jqb0,24,Entertainment,방탄 2행시 #할명수 #박명수 #bts #진 #shorts,3013346,75525,,
xxupIkIB46Y,24,Entertainment,희귀영상_진이 추는 쪼쪼댄스.mp4 #할명수 #박명수 #bts #진 #shorts,215870,9655,,
Wn39vKO3Q_g,24,Entertainment,어으.. 죽이네.. #할명수 #박명수 #bts #진 #shorts,1247734,36613,,
8ObynUft56M,24,Entertainment,이거 나가도 괜찮아!? #할명수 #박명수 #bts #진 #shorts,671658,30107,,
d3JgSzmtk_0,24,Entertainment,K-맏형 #할명수 #박명수 #bts #진 #shorts,701865,20745,,
1OteZX-SBbU,24,Entertainment,아빠 서운해ㅠ #할명수 #박명수 #bts #진 #shorts,536555,23397,,
5ap6OHx8Qlw,24,Entertainment,(SUB) 53살 인생 처음... 친해지고 싶은 남자가 생겼다. 방탄소년단 진(Jin)X명수 친해지길 바래..💜ㅣ할명수 ep.103,3989806,213334,,
2TJ97ubgLp0,24,Entertainment,(ENG) BTS 진이 왜 여기서 나와...?ㅣ할명수,948119,61253,,
fD3OBsf_-Wo,24,Entertainment,"(ENG) ""가능한~"" 맛있게 먹어 봐요ㅣ할명수 ep.102",509926,6932,,
39n5aXY3dJ4,24,Entertainment,(ENG) [구인] 이거 잘하면 할명수 작가 시켜줄게. 가을맞이 백일장ㅣ할명수 ep.101,376269,3883,,
fy2NiL_dfSY,24,Entertainment,박명수 전참시 출연 안 하는 이유 #할명수 #박명수 #전참시 #shorts,2734065,33933,,
AEiMGlqbQG8,24,Entertainment,투명한 박명수 #할명수 #박명수 #명언 #shorts,65682,1715,,
G9T-FUu_EVY,24,Entertainment,어차피 인생은 힘들어... #할명수 #박명수 #명언 #shorts,409252,7261,,
6541F31SmSE,24,Entertainment,(ENG) 공사다망한 30년차 방송인의 하루ㅣ할명수 ep.100,288828,6579,,
kwByA4JL5vk,24,Entertainment,아유... 하기 싫어... 2022ver. #할명수 #박명수 #무한도전,147795,4270,,
Ij-QZoXPi_o,24,Entertainment,(ENG) 이게 뭔데 짱구 알을 까래.. 그냥 PD를 까고 싶다ㅣ할명수 ep.99,1608485,28591,,
0Bd1cArbOm0,24,Entertainment,아이돌 작명할 명수 - 엔믹스 #할명수 #할명수 #NMIXX #shorts,1640269,47263,,
dzoqJWypkfw,24,Entertainment,아이돌 작명할 명수 - 아이브 #할명수 #박명수 #IVE #shorts,1953277,61691,,
FSlPZS9N0oE,24,Entertainment,아이돌 작명할 명수 - 르세라핌 #할명수 #박명수 #LESSERAFIM #shorts,3467175,68958,,
-wm49DfPtDk,24,Entertainment,아이돌 작명할 명수 - 뉴진스 #할명수 #할명수 #NewJeans #shorts,1764642,48965,,
221r9ghMC-g,24,Entertainment,아이돌 작명할 명수 - 블랙핑크 #할명수 #박명수 #BLACKPINK #shorts,4675980,112757,,
FxJNRsDO7bM,24,Entertainment,아이돌 작명할 명수 - 세븐틴 #할명수 #박명수 #SEVENTEEN #shorts,1548767,61815,,
M6-ljDkr0HQ,24,Entertainment,(ENG) 너네 100명의 위인 다 알아? 왜 나한테 이래ㅣ뉴진스 아이브 르세라핌 엔믹스 블랙핑크 세븐틴 근데 이제 앨범깡도 곁들인..ㅣ할명수 ep.98,1175416,20799,,
3-qvXiBvJlY,24,Entertainment,음지덕이 누구야???,49390,1280,,
UPr-twuodw8,24,Entertainment,깨어나버린 내 안의 유교,297155,5010,,
cmYbf2OAWrc,24,Entertainment,0고백 2차임...,118945,1989,,
yo90BcCWNSA,24,Entertainment,(ENG) 아저씨 옷이 왜 궁금하니..ㅣ70년생 룩북(LOOKBOOK)ㅣ할명수 ep.97,367288,4896,,
NSzOW9e9UUA,24,Entertainment,잔나비 팬인 척해봄. #shorts #할명수 #박명수 #잔나비,237435,5551,,
BiV1h2mg1_k,24,Entertainment,잔나비 트와이스 탈룰라 #shorts #할명수 #박명수 #잔나비,615890,9965,,
dketxqgnzG8,24,Entertainment,잔나비 강하게 키우는 명수옹 #shorts #할명수 #박명수 #잔나비,49739,1411,,
SqEaC1oGypE,24,Entertainment,주저하는 연인들을 위해(박명수ver) #shorts #할명수 #박명수 #잔나비 #세로직캠,1606032,39837,,
A-LU17aKAZs,24,Entertainment,바다의 왕자(잔나비ver) #shorts #할명수 #박명수 #잔나비 #세로직캠,233048,8255,,
jxQnT19-Frs,24,Entertainment,"(ENG) 박명수(G-Park)와 잔나비(JANNABI)의 가을메들리🍂ㅣ주저하는연인들을위해,가을밤에든생각,사랑이지나가면,너에게난나에게넌,바다의왕자,사랑하긴했었나요ㅣ할명수ep.96",351799,8637,,
Gx5za0P75Es,24,Entertainment,#shorts #할명수 #박명수 #추석잔소리,46211,1644,,
8x2tZAw_c6g,24,Entertainment,(ENG) 추석이다 일하지 말고 사다 먹어라 그냥ㅣ할명수 ep.95,818929,12798,,
y1GbPBjGvx4,24,Entertainment,(ENG) 이긴 사람 없는 싸움ㅣ할명수 ep.94,684479,7940,,
Haq4Jh8yxec,24,Entertainment,(SUB) TWICE 그렇게 안 봤는데 정말 무서운 그룹이네ㅣ할명수 ep.93,1559799,70669,,
4PAXItvaihM,24,Entertainment,(ENG) 더워죽겠는데 이 날씨에 촬영 잡는 미친#$%@ 제작진: 파이팅~!^^!ㅣ할명수 ep.92,711069,10523,,
Nbf0Qy9bXs0,24,Entertainment,(ENG) 아저씨 일상이 왜 궁금하니..ㅣ70년생 브이로그ㅣ할명수 ep.91,602260,14353,,
6rEdvGMrD0Q,24,Entertainment,(ENG) 제주도 특집 3편 🥯제주 빵지순례🥐 빵덕후들 현기증 나는 제주 인기 베이커리 총집합ㅣ할명수 ep.90,985653,13452,,
n-x8-k0qoHk,24,Entertainment,(ENG) 제주도 특집 2편. 입 닫고 술이나 마셔ㅣ할명수 ep.89,299924,4574,,
4cPm8CVvleA,24,Entertainment,(ENG) 제주도 특집 1편 🍊제주 반 바퀴🍊 오토바이 타고 폭삭 속았수다~🏍ㅣ제주 드라이브 코스 추천 할명수 ep.88,777864,7138,,
TFKs0BKc20U,24,Entertainment,(SUB) 에스파 혼돈의 세계관에 멘탈붕괴 온 명자 '아... 얘네 이상해 에스파 되기 쉽지 않네'ㅣ할명수 ep.87,1235635,36914,,
1MyjIZmsdsE,24,Entertainment,(ENG) 셋 중 알쓰는 누구일까?😵‍💫 만취한 사람을 고르시오ㅣ할명수 ep.86,1902141,33854,,
nlTo14yp9as,24,Entertainment,"(ENG) 야무지게 먹...!고 싸워야지~!ㅣ허리케인 치킨, 훈제소시지, 핫콘, 별난핫도그, 훈제치킨, 스타벅스 플러피 판다 초콜릿, 츄러스, 위니베니 젤리ㅣ할명수 ep.85",563767,10039,,
lKQhKMWI4iw,24,Entertainment,(ENG) 노부부 하와 수의 달콤한 에버랜드 데이트ㅣ할명수 ep.84,898134,15433,,
j56Du8b_VIg,24,Entertainment,(ENG) 의외의 말솜씨를 가진 30년차 개그맨 박명수의 자서전(=나무위키) 읽기ㅣ할명수 ep.83,1036163,19144,,
LToaVHAkeZs,24,Entertainment,(ENG) 명수가~!👍 좋아하는~!👍 랜덤 데이~!👍 무슨 데이?!ㅣ할명수 ep.82,220294,2127,,
LkwqY0wVJHA,24,Entertainment,(SUB) 옛날 예능으로 하드캐리하고 간 💚NCT DREAM💚 웃지마~ 이러다 다 젖어~ㅣ할명수 ep.81,3348729,218062,,
C11UbD2w8YM,24,Entertainment,(ENG) 밥 안 먹는 우리 아이 밥 먹이기 - 소식좌 솔루션ㅣ할명수 ep.80,386869,6077,,
lqe5qn4pTt4,24,Entertainment,"(ENG) 제가 살았던 동네 소개해 드립니다ㅣ서래마을ㅣ스타 일상ㅣ브루클린더버거조인트 햄버거, 서초면옥 냉면, toudou 뚜두 수제초콜릿ㅣ할명수 ep.79",577697,9655,,
0Fb9u9IXp6g,24,Entertainment,(ENG) He~~y 맹쑤~! 파티하러 왔다가 명수 간병하고 간 가비 | 할명수 ep.78,214363,2045,,
SK6Pjl8uoNg,24,Entertainment,아저씨 유튜브 잘하지~?^^ | 할명수 브랜드대상 시상식,80501,3239,,
Og1n6hkf05Q,24,Entertainment,(ENG) 봄 사랑... 명수 말고 🌸미연&우기와 달달~~하게 한곡 뽑았습니다🌸 | 할명수 ep.77,574966,15208,,
EVChHMmRClc,24,Entertainment,(ENG) 이 정도 각오는 하고 사연 넣은 거지 깨스야.....🧟‍♂️🧟‍♀️ | 할명수 ep.76,176829,1312,,
WEuAKBbM1V0,24,Entertainment,(ENG) 포켓몬빵? 뮤츠 나오면 좋은거라며 하.. 뮤츠겄네 | 할명수 ep.75,1232784,12446,,
Nwtdu1H5B98,24,Entertainment,(SUB) 놀 줄 모르는 ITZY 언니(?)들 명자가 기강 잡는다 | 할명수 ep.74,745393,17495,,
bD5Z_Y9xqAs,24,Entertainment,(ENG) ????? (광고 아님 진짜 아님) | 할명수 ep.73,246555,4255,,
-rw7PsfHJ0w,24,Entertainment,할랕친구들..! 명수 때문에 얼굴 찌푸리지 말아요 #shorts #할명수 #하이라이트,53501,2009,,
uAjz_38sO28,24,Entertainment,박명수가 엔딩포즈를 만들면 #shorts #할명수 #하이라이트,53815,2140,,
fyxGgLyh4MM,24,Entertainment,(SUB) 하이라이트 이번에 못 뜨면 사장님한테 혼구녕 납니다 |  할명수 ep.72,358271,12423,,
USh6TWfKr7g,24,Entertainment,깨스들 버스 탈 생각으로 가득한 명수옹 | 시즌2 가보자고,63020,2164,,
VaeAwlAVQ9w,24,Entertainment,소신 투표 가즈ㅇㅏ 명중만이 쏘아올린 구독자 이벤트 | 많관부 많참부,31746,1064,,
AUlrWKw4P6E,24,Entertainment,"어떻게 흑역사💩까지 사랑하겠어, 명수를 사랑하는거지❤️ | 할명수 미방영",248021,4455,,
MXkdQXe8EuM,24,Entertainment,(ENG)무도이후 처음 모였습니다 | 할명수 ep.71,6408820,107267,,
JcSRinGx5Hs,24,Entertainment,(ENG)그랜절하고 휴가 받는 직장인.myungsooㅣ할명수ㅣ ep.70,241703,2183,,
8kvT8V5wtYM,24,Entertainment,(ENG)리정 전 남친에게 연락온 썰.txtㅣ 할명수 ep.69,1391302,27298,,
Dg6yLWhJieo,24,Entertainment,(ENG)덍중만의 증멍사진 샵 | 🤳🐕유기견 입양 홍보사진🤳🐕  | 할명수 ep.68,294190,10133,,
X_0sg4Pcey4,24,Entertainment,(ENG)사우나에서 슈가 만난 썰 | 박명수의 아이돌 작명대잔치⑤ BTS | 할명수 ep.67,300955,10266,,
T1zi-2Lg6Fk,24,Entertainment,(ENG)스키즈 이름짓기 힘들지 않아 거친 정글 속에 뛰어든건 나니까 | 박명수의 아이돌 작명대잔치④ 스트레이 키즈 | 할명수 ep.67 #shorts,165308,7607,,
M6nBkQ7QONM,24,Entertainment,(ENG)에스파는 신이에요 정말 심장 토하는 줄 알았어요 | 박명수의 아이돌 작명대잔치③ 에스파 | 할명수 ep.67 #shorts,515003,14503,,
ekU7n7R5kkA,24,Entertainment,(ENG)구) 윌리스 수고했어! 현) XXX 수고했어!  | 박명수의 아이돌 작명대잔치② EXO-K | 할명수 ep.67 #shorts,258799,10597,,
4ogqFl--Pcc,24,Entertainment,(ENG)NCT가 누구야? 대단한 사람들이지~ | 박명수의 아이돌 작명대잔치① NCT | 할명수 ep.67,565272,22357,,
CWxtiqMkBEA,24,Entertainment,(ENG)제 직장 동네 소개해 드립니다ㅣ스타 일상ㅣ여의도 공원ㅣ 더현대 서울ㅣ카멜커피 | 할명수 ep.66,757771,11920,,
sYi8kC2Dp8g,24,Entertainment,(ENG)하와수는 왜 싸울까? 인간 ISTP VS ENFP의 MBTI 밸런스 게임 | 할명수 ep.65,1507773,24326,,
kpZeD-wvoRg,24,Entertainment,(ENG) 한문철 비켜 ✋ 박명수 TV 나가신다   | 할명수 ep.64,326502,7349,,
wRvP0TvdAXg,24,Entertainment,(ENG)박명수가 찍은 청하 티저 누가 봄? 제가 누입니다 |@CHUNGHA_OFFICIAL  | 할명수 ep.63,354943,7558,,
63l6cj0cPJQ,24,Entertainment,박명수 촬영_청하 Killing Me 티저 최최종 #shorts,829475,17684,,
UTCl9SFGA7o,24,Entertainment,아싸 of 아싸 명라인의 인싸 놀이 탐구 시간 ㅣ할명수 ep.62,159083,3236,,
nxacuDSVkuc,24,Entertainment,(ENG)[깨-스팅] 배우 겸 필라테스 강사가 ✨얼굴 천재✨를 만났다...!🙊🙊🙊  | 할명수 ep.61,86698,1404,,
cY_bdY23OOE,24,Entertainment,(ENG)여보(컬 트레이닝)세요 ♪ 나야 거기 잘 지내니 |@_IMCHANGJUNG | 할명수 ep.60,559127,7261,,
zJ29qHAh64Q,24,Entertainment,박명수 - 오늘 내일 그리고 사랑해(Official MV),165548,5034,,
KQdskhkeOh0,24,Entertainment,(ENG)먹보와 털보??? 쫄보도 바로 🏍면허🏍 따러 갑니다 | 할명수 ep.59,772924,7303,,
i3Whjqwl51o,24,Entertainment,(ENG)정해인(이 이상형)&제니(가 이상형)의 소개팅 🙊분위기 모야모야~🙊 | 할명수 ep.58,102015,1720,,
mKKwKgpU7SU,24,Entertainment,(ENG) 💖깨스팅💖 모쏠남이 소개팅하면 생기는 일  |  할명수 ep.57,172744,3641,,
6I7XavsBlQs,24,Entertainment,(ENG)오징어 게임 Squid Game 원작자(?) 겸 현직 오징어의 🦑오.겜🎮씹뜯맛즐★ |#squidgame |할명수 ep.56,583146,22083,,
JPjB-VzrlJI,24,Entertainment,(ENG)[국군의날 특집]면제 아ㅈH & 에이전트H의 세계  전투식량 리뷰  |@MissionPossible_AgentH  | 할명수 ep.55,730838,11233,,
ozs3HjR1DhQ,24,Entertainment,(ENG)초등학교 문제로 대결하는 박명수vs홍진경vs박미선vs정준하  | @zzin_genius @MISUNIMPOSSIBLE @JungJunHahaha  | 할명수 ep.54,540198,8996,,
8kqZHRFqWBM,24,Entertainment,(ENG)🐴말왕👑 feat. 바디프로필 전문가 박씨! 큰 거 왔다ㄷㄷ   |  @MrRagoona88  |  할명수 ep.53,325033,5761,,
YgpFLEQogOE,24,Entertainment,(ENG)🤪안녀ㅕㅇㅇ하ㅏㅏ세요박ㅁ몃ㅜ입니다술하ㅏㄴ잔해습니ㅣㅣ다🤪 | 안주 먹방  ep.52,342643,6235,,
YOGmC9pbizA,15,Pets & Animals,(ENG)[🐶개캉스🐶 특집] 안녕하새오 카라애오 명수 압빠랑 놀너와써오 너무 재미깨 놀아써오 | 할명수 ep.51,1367865,21084,,
sjdrThXCcYQ,24,Entertainment,(ENG) [싸이월드 백문백답] 질문이 왜 다 이 모양이야💥 (feat. 군산 피바다 여사님 📞전화 연결📞) | 할명수 ep.50,557978,10370,,
vphEPmWx3Yw,24,Entertainment,"(ENG) Re: 제로부터 시작하는 자가격리 생활 | 꿀젤리, 팝잇, 슬라임, 홈트, 할명수 코멘터리 | 할명수 ep.49",1213231,18957,,
6WwydP-clhk,24,Entertainment,"(ENG) 박명수(G-PARK)의 키딩벌스를 라이브로! | 박명수의 여름 신곡 공개 | 자가격리송, Horror Night, 박명수 이 나쁜 놈 | 할명수 ep.48",140777,3179,,
blu3mDaiRD0,24,Entertainment,도쿄 올림픽 국가대표팀 이름으로 스피드 삼행시ㅣ식빵좌🍞 김연경 선수 이름으로 삼행시📝 지어볼게요 uh uh 비트 주세요,89462,3529,,
h4UUerM3ThE,24,Entertainment,(ENG) [하와 수 우정여행 2탄] 말씀 중에 죄송합니다 이 티키타카 월드클래스입니다 | 할명수 ep.47,1109970,15397,,
aR63CBB9UcU,24,Entertainment,(ENG)[하와 수 우정여행 1탄] 어엿한 성인들이 왜 이렇게 싸워요 | 할명수 ep.46,2635717,34493,,
T5nw-aOnlo4,24,Entertainment,"(ENG) 박명수의 코인코인코인🎤ㅣ바보에게 바보가ㅣ빅마마-체념ㅣ규현-광화문에서, 마지막날에ㅣ이승철-그런 사람 또 없습니다 | 할명수 ep.45",1496579,16656,,
SKqnjy-f9tE,24,Entertainment,(ENG) 신서유기 출연 안 시켜주시면 🔫조총🔫으로 다 쏘려구요 | 할명수 ep.44,2090545,24200,,
cQD1mFCaPnw,24,Entertainment,(ENG) 🐙대왕문어🐙 먹방(mukbang) | 쏘영이랑 명수랑 뜨끈-하게 크라켄 한사바리 예대시~ | @Ssoyoung | 할명수 ep.43,370426,5532,,
87D3qx8mAIM,24,Entertainment,(ENG) 제시카는 물냉파일까 비냉파일까? | 할명수 ep.42,2208436,30773,,
xL7d0WWjNLY,24,Entertainment,(ENG) 제가 사는 동네 소개해드립니다ㅣ스타 일상ㅣ미쉐린 레스토랑 라쿠치나ㅣ남산 등산 | 할명수 ep.41,595072,11849,,
aw1gPmNpXfE,24,Entertainment,(ENG) 제 여사친을 소개합니다 | 할명수 ep.40,1471998,12465,,
7sDPiIjUnhA,24,Entertainment,(ENG) 쯔양을 배불리 먹이려면 얼마나 일해야 할까? | 햄버거 먹방(mukbang) | @tzuyang6145 & @hungersaver | 할명수 ep.39,627075,11724,,
TZcMk9vq5x8,24,Entertainment,(ENG) [박명수 주접 영상 원본] 조이 실제로 보면 안 착해요ㅡㅡ 내 마음에 ❤❤❤안착❤❤❤ | @redvelvet | 할명수 ep.38,1899657,42040,,
lnNZlCz2Ee4,20,Gaming,(ENG) 장롱 면허 🚥운전 연수🚥 받으면 이렇게 됩니다(벌금 27만원 나왔습니다)｜@ulgankimjunho | 할명수 ep.37,1158266,10589,,
RjnwPotWs6A,24,Entertainment,(ENG) [50만 구독자 기원 Q&A💁‍♂️] ✨무엇이든 물어보쌉싸리와용✨ | 할명수 ep.36,2170451,36198,,
pLNAJ2wqYWM,24,Entertainment,(ENG) 박명수는 일반인 사진도 잘 찍을까?ㅣ할명수 ep.35,233454,4264,,
6SvFHaG7Aic,24,Entertainment,(ENG) [🙌하와 수🙌 재결성] 입 닫고 맥주나 마셔🤦‍♂️ (feat. 불장난 댄스) | @JungJunHahaha | 할명수 ep.34,5178074,83001,,
tDMDGwdyBuE,24,Entertainment,(ENG) 맘스터치 6종 플렉스 먹방(mukbang) | @tzuyang6145 &  @hungersaver | 할명수 ep.33,1599077,27706,,
2IlNNXhMc8c,20,Gaming,무야호를 모르는 박명수,376963,3862,,
TChd5taWC9w,20,Gaming,(ENG) 마인크래프트에서 펜트하우스 입주한 명단태 | @yd0821 | 할명수 ep.32,473415,9081,,
FdVNuKu2dHg,24,Entertainment,(ENG) [🌟히든명수 특집🌟 2탄] 라이브 중 욕해버렸다🤷‍♂️ (feat. 광희 충격) | 할명수 ep.31,582648,9308,,
sA2E10USfb0,24,Entertainment,(ENG) [🌟히든명수 특집🌟 1탄] 어머 얘네 성대모사 대박이지 않니🤷‍♂️ 우리 엄마도 깜빡 속겠다 증말🤦‍♂️  | 할명수 ep.30,1054242,18647,,
8v0zHnx-6GA,24,Entertainment,(ENG) ⭐거성쇼 부활⭐ 누가 유튜브의 미래를 묻거든 고개를 들어 거성쇼를 보게 하라 | (feat.찐경규) | 할명수 ep.29,828370,16680,,
-_7SFSgDkXc,24,Entertainment,(ENG) 슈퍼주니어 신곡 가사를 바꿨더니 그만큼 신나시는 거지ㅋㅋㅋ | @SUPERJUNIOR  | 할명수 ep.28,405894,21851,,
GDbJWkGNSQc,24,Entertainment,(ENG) [B대면잔소리 with  최준] 명수/52/아빠 | @kimhaejun | 할명수 ep.27,967711,15983,,
pPfE1CWwfBs,20,Gaming,(ENG) 배그를 누가 이렇게 해요;; | 할명수 ep.26,485727,5606,,
si8sVCs_73w,24,Entertainment,(ENG) 최첨단 로봇 🤖사이버 명수🤖의 실버버튼 언박싱(feat. 랜선팬미팅) | 할명수 ep.25,213585,5315,,
tXDgODuch94,24,Entertainment,(ENG)✨설특집✨ 대광어 잡다 광광 우럭따 | @soobingsootv | 할명수 ep.24,2264730,33184,,
pYEHPldQ2Dk,24,Entertainment,(ENG) 막내가 사표 막 내 (feat.@etudeblog) | 할명수 ep.23,291765,7622,,
fHd8g174ZHI,20,Gaming,(ENG) 무인도에서 놀면 뭐하니? | @Sunba9  | 할명수 ep.22,933697,26504,,
FXWFzZdXtlk,24,Entertainment,(ENG) 쯔양 곱창 해명합니다 | 먹방 Mukbang (@tzuyang쯔양 ) | 할명수 ep.21,8188486,124232,,
y9kur2fqcqQ,24,Entertainment,(ENG) 하... 이걸 사네? | 할명수 ep.20,433335,11502,,
XIhfKKDKxdo,24,Entertainment,여러분 💰바가지💰는 이렇게 씌우는 겁니다 | 할명수 ep.18 비하인드,72380,1584,,
--8lNcKo4y0,24,Entertainment,(ENG) [명수X하하] 숨겨왔던 나의 수줍은 명품 모두 네게 줄게 | (@quanhaha79) | 할명수 ep.19,888660,12881,,
MLbgP1RhZRE,24,Entertainment,[독립채널 재업] 본인등판 할 명수 - 박명수 조이(Joy) 전화연결? | 박명수 어록 이상형 월드컵 | 할명수 ep.01,113073,2215,,
FZNOWYPQpnY,24,Entertainment,[독립채널 재업] ASMR(?) 할 명수 - 박명수의 잠이 오는 소리 | 할명수 ep.02,138701,2172,,
xNarxwQUEVc,24,Entertainment,[독립채널 재업] JTBC에서 유튜브 라방 할 박명수｜명언 제조기 박명수의 고민 상담 | 할명수 ep.03,193394,3563,,
dfAQy2nQq0g,24,Entertainment,[독립채널 재업] 입 짧은 박명수의 세계 과자 먹방(mukbang) 도전기 | 할명수 ep.04,507997,7621,,
FDZplgyp9w4,24,Entertainment,[독립채널 재업] ⭐️박명수가 진지하게 노래 불렀을 때⭐️ 이승철 - 안녕이라고 말하지마(두키 내린 이승철 아님✨)ㅣ할명수 ep.05,101870,1953,,
1lE2UrAeCRg,20,Gaming,"[독립채널 재업] 추격전의 달인 조커 박명수, 어몽어스(among us) 도전 | 할명수 ep.06",165826,3395,,
kJ880iR1V4Q,24,Entertainment,박명수는 인형탈 사진도 잘 찍을까? | 할명수 ep.18,141327,3388,,
pgJ0O8j6TIs,24,Entertainment,밸런스 게임🤷‍♂️인 줄 알았는데 청문회👨‍⚖️였던 건에 대하여 | 할명수 ep.17,1093183,21102,,
Zb1W13-KiHA,10,Music,인간 ISTP 박명수의 플레이리스트ㅣ할명수,118115,3355,,
Qe3OqeEx7lI,10,Music,⭐️박명수가 진지하게 노래 불렀을 때⭐️ 이승철 - 말리꽃 (Covered by 박명수) | 할명수 ep.16,1095399,15793,,
BSpPHqKUmxg,10,Music,⭐️아이유가 박명수에게 듀엣하자고 했던 노래⭐️ 푸르던 @이지금 [IU Official] | 할명수 ep.16,448912,10474,,
-wfeGmZ8Vjk,10,Music,⭐️박명수가 진지하게 노래 불렀을 때⭐️ 이승철 - 잊었니 (Covered by 박명수) | 할명수 ep.16,1812376,24574,,
3fWoVw1xVqE,24,Entertainment,(ENG) 자가격리 중 기분 좋은 일이 생긴 명수 | 할명수,970636,22346,,
4RhJUUW_As4,24,Entertainment,화덕 피자는 사드세요.....제발 (feat.@승우아빠) | 할명수 ep.15,2079306,39194,,
xonl3OthHtk,27,Education,내일이 수능인데 유튜브 보는 수험생들에게 | 할명수,306719,6465,,
qoolf_vmVX8,24,Entertainment,박명수 탈모팁 공개합니다 | 할명수 ep.14,177883,3583,,
bASsRsZKKy4,20,Gaming,박명수의 캐치마인드 | 할명수,234094,4578,,
5r9HlAEmY6c,24,Entertainment,박명수 명언 zipㅣ할명수 ep.13,246801,6225,,
q-w-QxitQpg,24,Entertainment,면제 박명수의 군대 음식 먹방(mukbang) 🙋‍♂️Yes I Can🙋‍♂️ㅣ할명수 ep.12,1044233,12921,,
j7DGyqwYyI0,24,Entertainment,박명수는 광고 사진도 잘 찍을까??ㅣ할명수EP11 (@케이뱅크),388939,6484,,
woGZvyxbf2I,24,Entertainment,박명수에게 무한도전 멤버 페이스앱을 보여줘봤다 | 할명수,473152,10081,,
-X4NXcR6yT8,24,Entertainment,🙌인생샷 어서오고🙌 사진사 박명수가 찍은 충격적 비주얼의 사진들 (@the-edit) | 할명수 ep.10,243867,5265,,
skwWt-yJvrk,24,Entertainment,박명수에게 커피를 사달라고 해봤다ㅣ할명수,320573,6933,,
4TWEPB0Ji1o,24,Entertainment,이래서 매드몬스터가.. 필터에 빠졌나봅니다 | 사진사 할명수 ep.09,334753,7226,,
h-rEyU_G0iY,17,Sports,시덕코디님에게 메이크업 받는 명수ㅣ왓츠인마이백ㅣ할명수,276976,6415,,
dN0Ny2SMzA8,17,Sports,고통 참기 챌린지｜할명수 ep.08,432866,8093,,
sxJ9TvLx2rk,20,Gaming,"🎉채널 독립🎉 어몽어스로 게임에 눈뜬 박명수, 폴가이즈(Fall Guys) 도전 (@zzamtasooa) ｜할명수 ep.07",846776,13885,,
yAfJT5X2t_Q,22,People & Blogs,이거 들으면 꿀잠🌝 직장인 깨스들을 위한 박명수의 8시간 수면 알람 ASMR,78300,1645,,
tBSNJP9OnV4,22,People & Blogs,[할명수] 박명수 유튜브 도전합니다,99607,2683,,
